rep,delta_target,w_B,rho,c_A,c_B,n_A,n_B,n_pos_mix,n_s_mix,auc_mix,auc_A,auc_B,bayes_A,bayes_B,delta_realized,gain,cx_min,cx_max,cx_ratio,comp_q1,comp_q5,comp_gap,sweep
0,0.0,0.631578947368421,0.0,0.99,0.458,190,331,521,337,0.8085502826986805,0.901646639964397,0.8647369191175839,0.9079999999999299,0.9079999999997119,0.0369097208468131,0.09309635726571652,0.5714285714285714,0.8571428571428571,1.5,0.14285714285714285,0.4621212121212121,0.31926406926406925,delta_x_rho
1,0.0,0.631578947368421,0.0,0.99,0.458,197,286,483,317,0.8150536882458025,0.897955946337926,0.8376734841169987,0.9080000000013018,0.9079999999998281,0.06028246222092726,0.08290225809212348,0.5862068965517241,0.6920152091254753,1.1804965332140462,0.38461538461538464,0.5171102661596958,0.13249488154431116,delta_x_rho
2,0.0,0.631578947368421,0.0,0.99,0.458,209,270,479,328,0.8148007958357235,0.8747390755328013,0.8529388641063768,0.9079999999991359,0.9080000000010222,0.02180021142642452,0.05993827969707777,0.6271186440677966,0.7333333333333333,1.1693693693693692,0.15384615384615385,0.49609375,0.34224759615384615,delta_x_rho
3,0.0,0.631578947368421,0.0,0.99,0.458,189,291,480,313,0.8108467467211719,0.8927206311547948,0.8480878674622008,0.907999999999561,0.90799999999969,0.04463276369259406,0.08187388443362298,0.4838709677419355,0.7246963562753036,1.4977058029689607,0.1,0.5182186234817814,0.4182186234817814,delta_x_rho
4,0.0,0.631578947368421,0.0,0.99,0.458,198,296,494,337,0.7979052802440402,0.8905152462544156,0.8790269134150498,0.9080000000001648,0.9080000000002252,0.011488332839365789,0.09260996601037541,0.5833333333333334,0.7148760330578512,1.2255017709563163,0.3333333333333333,0.4669421487603306,0.13360881542699726,delta_x_rho
5,0.0,0.631578947368421,0.0,0.99,0.458,203,288,491,339,0.8036957108738381,0.8945054266574347,0.795177666614963,0.90799999999946,0.9079999999996791,0.09932776004247168,0.09080971578359665,0.48717948717948717,0.7735849056603774,1.5878848063555115,0.23809523809523808,0.5660377358490566,0.3279424977538185,delta_x_rho
6,0.0,0.631578947368421,0.0,0.99,0.458,200,307,507,354,0.8029268990608169,0.863102369244524,0.8625498921869982,0.9079999999995513,0.9079999999995138,0.0005524770575258131,0.06017547018370706,0.625,0.7372549019607844,1.179607843137255,0.375,0.49019607843137253,0.11519607843137253,delta_x_rho
7,0.0,0.631578947368421,0.0,0.99,0.458,185,314,499,325,0.79598929541229,0.8781575536460083,0.8279879751943379,0.9080000000005176,0.9080000000007695,0.05016957845167047,0.08216825823371832,0.3939393939393939,0.75,1.903846153846154,0.25,0.5119047619047619,0.26190476190476186,delta_x_rho
8,0.0,0.631578947368421,0.0,0.99,0.458,180,327,507,332,0.8287988881053847,0.8892827253482991,0.8774888763279562,0.9080000000003132,0.908000000000255,0.011793849020342861,0.060483837242914396,0.5454545454545454,0.7518796992481203,1.3784461152882206,0.2222222222222222,0.3639705882352941,0.1417483660130719,delta_x_rho
9,0.0,0.631578947368421,0.0,0.99,0.458,203,299,502,326,0.8320300194570555,0.8483358397537387,0.8758787476809196,0.9079999999997266,0.9080000000011399,-0.027542907927180837,0.01630582029668326,0.5652173913043478,0.66,1.1676923076923078,0.6190476190476191,0.4375,-0.18154761904761907,delta_x_rho
10,0.0,0.631578947368421,0.0,0.99,0.458,185,299,484,317,0.8014085132853461,0.8692813595122655,0.8639790883862953,0.9079999999992925,0.9080000000009368,0.005302271125970148,0.06787284622691936,0.46153846153846156,0.7153284671532847,1.5498783454987834,0.07692307692307693,0.39915966386554624,0.3222365869424693,delta_x_rho
11,0.0,0.631578947368421,0.0,0.99,0.458,194,330,524,340,0.7924815345386926,0.8807492726512265,0.855330715795832,0.9079999999992758,0.9080000000005004,0.025418556855394514,0.08826773811253386,0.5769230769230769,0.75,1.3,0.375,0.4645669291338583,0.08956692913385828,delta_x_rho
12,0.0,0.631578947368421,0.0,0.99,0.458,194,273,467,323,0.8152175567125729,0.8656346663847664,0.8624748633990778,0.9079999999992828,0.9080000000001304,0.003159802985688631,0.05041710967219348,0.5161290322580645,0.7480314960629921,1.4493110236220472,0.6,0.5,-0.09999999999999998,delta_x_rho
13,0.0,0.631578947368421,0.0,0.99,0.458,197,290,487,325,0.7574969725688411,0.8901400471356056,0.8420137160111142,0.9079999999998561,0.9079999999999832,0.048126331124491384,0.1326430745667645,0.2857142857142857,0.7610619469026548,2.663716814159292,0.0,0.5707964601769911,0.5707964601769911,delta_x_rho
14,0.0,0.631578947368421,0.0,0.99,0.458,197,295,492,348,0.8034317721069242,0.885650833937636,0.8582458972289481,0.9079999999994776,0.9080000000000432,0.027404936708687933,0.08221906183071181,0.6666666666666666,0.71875,1.078125,0.2,0.4701195219123506,0.2701195219123506,delta_x_rho
15,0.0,0.631578947368421,0.0,0.99,0.458,200,286,486,322,0.8086535764080043,0.8716629414394278,0.8779198486311457,0.9080000000000417,0.908000000000485,-0.0062569071917178976,0.06300936503142351,0.5333333333333333,0.6964285714285714,1.3058035714285714,0.4444444444444444,0.4573643410852713,0.012919896640826878,delta_x_rho
16,0.0,0.631578947368421,0.0,0.99,0.458,191,318,509,327,0.8023359610007419,0.9049735888816884,0.852827517429902,0.9079999999993597,0.9079999999998237,0.0521460714517864,0.10263762788094655,0.5294117647058824,0.69921875,1.3207465277777777,0.17647058823529413,0.5078125,0.33134191176470584,delta_x_rho
17,0.0,0.631578947368421,0.0,0.99,0.458,216,285,501,348,0.810680292307946,0.8711457968549369,0.8637269288462792,0.9079999999996365,0.9079999999989525,0.007418868008657653,0.060465504546990845,0.375,0.7381818181818182,1.9684848484848485,0.0625,0.49818181818181817,0.43568181818181817,delta_x_rho
18,0.0,0.631578947368421,0.0,0.99,0.458,209,293,502,352,0.8002635453019962,0.8753489730528379,0.8733587820284244,0.9080000000007684,0.9079999999991453,0.0019901910244134458,0.0750854277508417,0.6,0.7808764940239044,1.301460823373174,0.2857142857142857,0.5099601593625498,0.2242458736482641,delta_x_rho
19,0.0,0.631578947368421,0.0,0.99,0.458,191,311,502,329,0.743931766474155,0.8505522324737871,0.8663658940146948,0.9080000000004745,0.907999999999557,-0.015813661540907686,0.10662046599963204,0.5111111111111111,0.729064039408867,1.4264296423216964,0.3125,0.5073891625615764,0.1948891625615764,delta_x_rho
0,0.0,0.631578947368421,0.4,0.99,0.458,190,312,502,334,0.8530477572912485,0.901646639964397,0.8679562594268477,0.9079999999999299,0.9080000000001697,0.03369038053754925,0.04859888267314849,0.3333333333333333,0.7272727272727273,2.181818181818182,0.0,0.4432624113475177,0.4432624113475177,delta_x_rho
1,0.0,0.631578947368421,0.4,0.99,0.458,197,256,453,306,0.8346484903510645,0.897955946337926,0.834714222260431,0.9080000000013018,0.9079999999992989,0.06324172407749495,0.0633074559868615,0.5714285714285714,0.7192307692307692,1.2586538461538461,0.42857142857142855,0.5538461538461539,0.12527472527472533,delta_x_rho
2,0.0,0.631578947368421,0.4,0.99,0.458,209,279,488,337,0.8602562053680323,0.8747390755328013,0.8437970243255901,0.9079999999991359,0.9079999999992843,0.030942051207211163,0.014482870164769013,0.6545454545454545,0.8235294117647058,1.2581699346405228,0.3333333333333333,0.45674740484429066,0.12341407151095735,delta_x_rho
3,0.0,0.631578947368421,0.4,0.99,0.458,189,271,460,302,0.850603681467309,0.8927206311547948,0.851851662560947,0.907999999999561,0.9080000000009633,0.04086896859384781,0.042116949687485805,0.3333333333333333,0.7276119402985075,2.1828358208955225,0.0,0.48880597014925375,0.48880597014925375,delta_x_rho
4,0.0,0.631578947368421,0.4,0.99,0.458,198,275,473,325,0.8396711633935146,0.8905152462544156,0.8600100916659659,0.9080000000001648,0.9079999999998466,0.030505154588449712,0.05084408286090103,0.4444444444444444,0.7321428571428571,1.6473214285714286,0.3333333333333333,0.4827586206896552,0.14942528735632188,delta_x_rho
5,0.0,0.631578947368421,0.4,0.99,0.458,203,276,479,330,0.8419342731814877,0.8945054266574347,0.7976815618104877,0.90799999999946,0.9079999999991557,0.09682386484694705,0.052571153475946986,0.4117647058823529,0.7508650519031141,1.8235294117647058,0.17647058823529413,0.5294117647058824,0.3529411764705882,delta_x_rho
6,0.0,0.631578947368421,0.4,0.99,0.458,200,283,483,345,0.8152200402211528,0.863102369244524,0.8566903222208004,0.9079999999995513,0.9079999999993723,0.006412047023723555,0.047882329023371195,0.5,0.7419354838709677,1.4838709677419355,0.0,0.5040650406504065,0.5040650406504065,delta_x_rho
7,0.0,0.631578947368421,0.4,0.99,0.458,185,327,512,328,0.8314265422077922,0.8781575536460083,0.8321492238792992,0.9080000000005176,0.9080000000001655,0.0460083297667091,0.04673101143821612,0.4482758620689655,0.6931407942238267,1.5462371563454596,0.375,0.47653429602888087,0.10153429602888087,delta_x_rho
8,0.0,0.631578947368421,0.4,0.99,0.458,180,296,476,318,0.8473232230168967,0.8892827253482991,0.8579077092038325,0.9080000000003132,0.9079999999994887,0.03137501614446658,0.04195950233140244,0.6,0.7547169811320755,1.257861635220126,0.2,0.43272727272727274,0.23272727272727273,delta_x_rho
9,0.0,0.631578947368421,0.4,0.99,0.458,203,262,465,307,0.842671595890859,0.8483358397537387,0.8305782223392122,0.9079999999997266,0.9079999999989457,0.017757617414526528,0.00566424386287967,0.6071428571428571,0.7368421052631579,1.2136222910216719,0.7272727272727273,0.48314606741573035,-0.24412665985699694,delta_x_rho
10,0.0,0.631578947368421,0.4,0.99,0.458,185,290,475,318,0.8400182413219591,0.8692813595122655,0.8764868380900374,0.9079999999992925,0.9079999999989724,-0.007205478577771873,0.02926311819030636,0.5384615384615384,0.8571428571428571,1.5918367346938775,0.2857142857142857,0.42857142857142855,0.14285714285714285,delta_x_rho
11,0.0,0.631578947368421,0.4,0.99,0.458,194,317,511,337,0.8291003936247823,0.8807492726512265,0.8514909826796025,0.9079999999992758,0.9080000000007361,0.02925828997162394,0.05164887902644422,0.5362318840579711,1.0,1.8648648648648647,0.6666666666666666,0.4646840148698885,-0.20198265179677816,delta_x_rho
12,0.0,0.631578947368421,0.4,0.99,0.458,194,240,434,308,0.8445891071227261,0.8656346663847664,0.8507225762403278,0.9079999999992828,0.9080000000010056,0.014912090144438617,0.021045559262040325,0.5652173913043478,1.0,1.7692307692307694,0.75,0.5335968379446641,-0.21640316205533594,delta_x_rho
13,0.0,0.631578947368421,0.4,0.99,0.458,197,275,472,317,0.7987428300340709,0.8901400471356056,0.830163989571945,0.9079999999998561,0.9079999999996039,0.059976057563660534,0.0913972171015347,0.48484848484848486,0.8,1.6500000000000001,0.0,0.5864978902953587,0.5864978902953587,delta_x_rho
14,0.0,0.631578947368421,0.4,0.99,0.458,197,268,465,336,0.8439998691356408,0.885650833937636,0.8500547057244896,0.9079999999994776,0.908000000000402,0.035596128213146394,0.04165096480199515,0.6636363636363637,0.7692307692307693,1.1591148577449948,0.3333333333333333,0.48507462686567165,0.15174129353233834,delta_x_rho
15,0.0,0.631578947368421,0.4,0.99,0.458,200,261,461,301,0.8410931174089069,0.8716629414394278,0.8133064288933964,0.9080000000000417,0.9080000000008968,0.05835651254603136,0.030569824030520887,0.42857142857142855,0.7142857142857143,1.6666666666666667,0.5714285714285714,0.5097276264591439,-0.06170094496942746,delta_x_rho
16,0.0,0.631578947368421,0.4,0.99,0.458,191,280,471,296,0.8374899836498607,0.9049735888816884,0.8286591827273329,0.9079999999993597,0.908000000000642,0.07631440615435559,0.06748360523182773,0.375,0.7116788321167883,1.897810218978102,0.25,0.5328467153284672,0.28284671532846717,delta_x_rho
17,0.0,0.631578947368421,0.4,0.99,0.458,216,256,472,340,0.8550276016733513,0.8711457968549369,0.8595827602017423,0.9079999999996365,0.9080000000005235,0.01156303665319458,0.016118195181585526,0.4,0.7894736842105263,1.9736842105263157,0.1,0.4857142857142857,0.3857142857142857,delta_x_rho
18,0.0,0.631578947368421,0.4,0.99,0.458,209,252,461,339,0.8188456708264906,0.8753489730528379,0.8602992989720679,0.9080000000007684,0.9079999999996186,0.01504967408076996,0.05650330222634725,0.6363636363636364,0.784,1.232,0.45454545454545453,0.556,0.10145454545454552,delta_x_rho
19,0.0,0.631578947368421,0.4,0.99,0.458,191,281,472,322,0.7970737913486006,0.8505522324737871,0.8628721304115305,0.9080000000004745,0.9079999999998334,-0.012319897937743463,0.053478441125186515,0.581081081081081,0.7092511013215859,1.2205716627394734,0.3333333333333333,0.47577092511013214,0.14243759177679882,delta_x_rho
0,0.0,0.631578947368421,0.8,0.99,0.458,190,293,483,332,0.8899046601863567,0.901646639964397,0.8405567087769344,0.9079999999999299,0.9080000000001497,0.06108993118746253,0.011741979778040257,0.5833333333333334,1.0,1.7142857142857142,0.0,0.4642857142857143,0.4642857142857143,delta_x_rho
1,0.0,0.631578947368421,0.8,0.99,0.458,197,226,423,299,0.8621704803960926,0.897955946337926,0.7984114023606825,0.9080000000013018,0.9080000000003288,0.09954454397724344,0.035785465941833405,0.4,0.7450980392156863,1.8627450980392157,0.2,0.5803921568627451,0.38039215686274513,delta_x_rho
2,0.0,0.631578947368421,0.8,0.99,0.458,209,263,472,326,0.8697804804416268,0.8747390755328013,0.7832454762645996,0.9079999999991359,0.9080000000005476,0.09149359926820166,0.004958595091174467,0.5813953488372093,0.75,1.29,0.25,0.4858156028368794,0.2358156028368794,delta_x_rho
3,0.0,0.631578947368421,0.8,0.99,0.458,189,229,418,276,0.8737365837936732,0.8927206311547948,0.8240400132902981,0.907999999999561,0.9079999999995756,0.06868061786449675,0.01898404736112158,0.2,0.7175572519083969,3.5877862595419843,0.3333333333333333,0.5267175572519084,0.19338422391857507,delta_x_rho
4,0.0,0.631578947368421,0.8,0.99,0.458,198,253,451,309,0.8677471792570165,0.8905152462544156,0.8114403712229801,0.9080000000001648,0.9080000000003238,0.07907487503143551,0.022768066997399083,0.25,0.7153024911032029,2.8612099644128115,0.0,0.5088967971530249,0.5088967971530249,delta_x_rho
5,0.0,0.631578947368421,0.8,0.99,0.458,203,252,455,324,0.8871247823820982,0.8945054266574347,0.815424430641822,0.90799999999946,0.9079999999990777,0.07908099601561269,0.007380644275336468,0.5,0.7845659163987139,1.5691318327974277,0.14285714285714285,0.5112540192926045,0.36839687643546165,delta_x_rho
6,0.0,0.631578947368421,0.8,0.99,0.458,200,278,478,345,0.8539836523202642,0.863102369244524,0.8290258946154794,0.9079999999995513,0.9079999999997868,0.03407647462904462,0.009118716924259807,0.6481481481481481,0.7916666666666666,1.2214285714285713,,0.4963768115942029,,delta_x_rho
7,0.0,0.631578947368421,0.8,0.99,0.458,185,281,466,295,0.8769170134329757,0.8781575536460083,0.8313157356116178,0.9080000000005176,0.9079999999997783,0.04684181803439058,0.0012405402130326593,0.43636363636363634,0.6891891891891891,1.5793918918918919,0.6,0.47297297297297297,-0.127027027027027,delta_x_rho
8,0.0,0.631578947368421,0.8,0.99,0.458,180,269,449,302,0.8633067895121285,0.8892827253482991,0.8064908297781863,0.9080000000003132,0.9079999999999728,0.0827918955701128,0.02597593583617064,0.5,0.6970802919708029,1.3941605839416058,0.0,0.45985401459854014,0.45985401459854014,delta_x_rho
9,0.0,0.631578947368421,0.8,0.99,0.458,203,235,438,299,0.864256329077781,0.8483358397537387,0.7911917599087869,0.9079999999997266,0.907999999999689,0.057144079844951845,-0.01592048932404233,0.6346153846153846,0.8205128205128205,1.292929292929293,0.8571428571428571,0.5055350553505535,-0.35160780179230355,delta_x_rho
10,0.0,0.631578947368421,0.8,0.99,0.458,185,254,439,303,0.8670743636575072,0.8692813595122655,0.8618422239134904,0.9079999999992925,0.9079999999997833,0.007439135598775071,0.0022069958547582536,0.5227272727272727,0.7290076335877863,1.3946232990375043,0.0,0.46564885496183206,0.46564885496183206,delta_x_rho
11,0.0,0.631578947368421,0.8,0.99,0.458,194,275,469,315,0.842918465165462,0.8807492726512265,0.7894828021192498,0.9079999999992758,0.9080000000004071,0.09126647053197667,0.037830807485764506,0.5094339622641509,0.7564575645756457,1.4848981823151564,0.125,0.5092250922509225,0.3842250922509225,delta_x_rho
12,0.0,0.631578947368421,0.8,0.99,0.458,194,215,409,303,0.8746256564575166,0.8656346663847664,0.8198773365708665,0.9079999999992828,0.9080000000008832,0.045757329813899905,-0.008990990072750171,0.65625,0.8,1.2190476190476192,0.6,0.5166051660516605,-0.08339483394833946,delta_x_rho
13,0.0,0.631578947368421,0.8,0.99,0.458,197,236,433,301,0.8371651615936717,0.8901400471356056,0.7868572836692104,0.9079999999998561,0.9079999999995512,0.1032827634663952,0.05297488554193386,0.4782608695652174,0.751004016064257,1.570281124497992,0.0,0.5783132530120482,0.5783132530120482,delta_x_rho
14,0.0,0.631578947368421,0.8,0.99,0.458,197,242,439,317,0.8679225922961687,0.885650833937636,0.816301135187033,0.9079999999994776,0.9080000000005413,0.06934969875060304,0.017728241641467246,0.6136363636363636,0.8333333333333334,1.3580246913580247,0.125,0.5037593984962406,0.37875939849624063,delta_x_rho
15,0.0,0.631578947368421,0.8,0.99,0.458,200,237,437,288,0.8689336384439359,0.8716629414394278,0.7779344073647871,0.9080000000000417,0.9079999999992077,0.09372853407464066,0.0027293029954919,0.47058823529411764,0.7052238805970149,1.4986007462686568,0.6666666666666666,0.5373134328358209,-0.12935323383084574,delta_x_rho
16,0.0,0.631578947368421,0.8,0.99,0.458,191,267,458,303,0.8749224940477636,0.9049735888816884,0.7934776230173113,0.9079999999993597,0.9079999999993464,0.11149596586437716,0.030051094833924874,0.42857142857142855,0.7142857142857143,1.6666666666666667,0.14285714285714285,0.5068027210884354,0.36394557823129253,delta_x_rho
17,0.0,0.631578947368421,0.8,0.99,0.458,216,221,437,320,0.8807917620137301,0.8711457968549369,0.8268168972670991,0.9079999999996365,0.9079999999993595,0.04432889958783781,-0.009645965158793235,0.6448598130841121,0.7697841726618705,1.1937232822437702,0.3333333333333333,0.5539568345323741,0.22062350119904078,delta_x_rho
18,0.0,0.631578947368421,0.8,0.99,0.458,209,237,446,321,0.8527938503534965,0.8753489730528379,0.7979209819716148,0.9080000000007684,0.9080000000000131,0.07742799108122311,0.022555122699341346,0.5909090909090909,0.7509157509157509,1.2707805015497322,0.2857142857142857,0.5384615384615384,0.25274725274725274,delta_x_rho
19,0.0,0.631578947368421,0.8,0.99,0.458,191,243,434,306,0.8501291841040282,0.8505522324737871,0.822171203919406,0.9080000000004745,0.907999999999963,0.02838102855438107,0.0004230483697589271,0.5,0.7392996108949417,1.4785992217898833,0.6666666666666666,0.48638132295719844,-0.1802853437094682,delta_x_rho
0,0.05,0.631578947368421,0.0,0.99,0.458,190,325,515,339,0.7796278148773021,0.901646639964397,0.8203933566433568,0.9079999999999299,0.8579999999989696,0.0812532833210402,0.12201882508709483,0.4166666666666667,0.731404958677686,1.7553719008264461,0.0,0.5371900826446281,0.5371900826446281,delta_x_rho
1,0.05,0.631578947368421,0.0,0.99,0.458,197,275,472,317,0.7811359813688705,0.897955946337926,0.7990564292321924,0.9080000000013018,0.8579999999979262,0.09889951710573353,0.11681996496905545,0.55,0.7364016736401674,1.3389121338912133,0.3157894736842105,0.5857740585774058,0.2699845848931953,delta_x_rho
2,0.05,0.631578947368421,0.0,0.99,0.458,209,269,478,325,0.7819472833248967,0.8747390755328013,0.8054602943798954,0.9079999999991359,0.8580000000011366,0.06927878115290587,0.09279179220790457,0.4838709677419355,0.7391304347826086,1.5275362318840577,0.13043478260869565,0.5523012552301255,0.42186647262142984,delta_x_rho
3,0.05,0.631578947368421,0.0,0.99,0.458,189,291,480,313,0.7780350451371145,0.8927206311547948,0.7931434811989381,0.907999999999561,0.8580000000003826,0.09957714995585676,0.11468558601768031,0.4444444444444444,0.7606837606837606,1.7115384615384615,0.0,0.5512820512820513,0.5512820512820513,delta_x_rho
4,0.05,0.631578947368421,0.0,0.99,0.458,198,292,490,337,0.7619519302328019,0.8905152462544156,0.8221988057604496,0.9080000000001648,0.8579999999997227,0.06831644049396601,0.12856331602161364,0.5238095238095238,0.7741935483870968,1.478005865102639,0.23809523809523808,0.543778801843318,0.30568356374807987,delta_x_rho
5,0.05,0.631578947368421,0.0,0.99,0.458,203,283,486,335,0.7816240695390988,0.8945054266574347,0.7378301852744996,0.90799999999946,0.8580000000005343,0.1566752413829351,0.11288135711833591,0.45714285714285713,0.8064516129032258,1.7641129032258065,0.10714285714285714,0.6129032258064516,0.5057603686635945,delta_x_rho
6,0.05,0.631578947368421,0.0,0.99,0.458,200,299,499,351,0.7738707549257443,0.863102369244524,0.810350059912837,0.9079999999995513,0.8580000000008596,0.05275230933168695,0.08923161431877968,0.5957446808510638,0.7542372881355932,1.2660411622276029,0.1875,0.5211864406779662,0.33368644067796616,delta_x_rho
7,0.05,0.631578947368421,0.0,0.99,0.458,185,339,524,336,0.7583109539790026,0.8781575536460083,0.76480620678213,0.9080000000005176,0.858000000000416,0.11335134686387838,0.11984659966700573,0.47540983606557374,0.7457627118644068,1.5686732904734075,0.15,0.5550847457627118,0.4050847457627118,delta_x_rho
8,0.05,0.631578947368421,0.0,0.99,0.458,180,312,492,321,0.7931636257236607,0.8892827253482991,0.8361975867269985,0.9080000000003132,0.8580000000013632,0.0530851386213006,0.09611909962463838,0.4444444444444444,0.6904761904761905,1.5535714285714286,0.05555555555555555,0.4642857142857143,0.4087301587301587,delta_x_rho
9,0.05,0.631578947368421,0.0,0.99,0.458,203,301,504,328,0.7971171137880915,0.8483358397537387,0.8106016773053617,0.9079999999997266,0.8580000000013509,0.03773416244837702,0.05121872596564725,0.5357142857142857,0.6857142857142857,1.28,0.4,0.4774436090225564,0.07744360902255637,delta_x_rho
10,0.05,0.631578947368421,0.0,0.99,0.458,185,303,488,321,0.7804832659034898,0.8692813595122655,0.829975781083263,0.9079999999992925,0.857999999998426,0.03930557842900251,0.08879809360877566,0.4074074074074074,0.6909871244635193,1.6960593055013655,0.10344827586206896,0.44635193133047213,0.3429036554684032,delta_x_rho
11,0.05,0.631578947368421,0.0,0.99,0.458,194,331,525,344,0.7616845985256027,0.8807492726512265,0.8089805275102354,0.9079999999992758,0.8579999999997135,0.07176874514099107,0.11906467412562383,0.5,0.7542372881355932,1.5084745762711864,0.3,0.5296610169491526,0.22966101694915259,delta_x_rho
12,0.05,0.631578947368421,0.0,0.99,0.458,194,280,474,326,0.7865920370740556,0.8656346663847664,0.8185773892310748,0.9079999999992828,0.8580000000007014,0.04705727715369157,0.07904262931071082,0.5,0.7773109243697479,1.5546218487394958,0.26666666666666666,0.5546218487394958,0.28795518207282916,delta_x_rho
13,0.05,0.631578947368421,0.0,0.99,0.458,197,288,485,322,0.7182081291194863,0.8901400471356056,0.7787779199627732,0.9079999999998561,0.8579999999998991,0.11136212717283234,0.1719319180161193,0.375,0.8090452261306532,2.1574539363484084,0.0,0.6633165829145728,0.6633165829145728,delta_x_rho
14,0.05,0.631578947368421,0.0,0.99,0.458,197,294,491,350,0.7709354192526106,0.885650833937636,0.8239784014399041,0.9079999999994776,0.8579999999981831,0.06167243249773191,0.11471541468502544,0.5625,0.7629310344827587,1.35632183908046,0.1875,0.5129310344827587,0.3254310344827587,delta_x_rho
15,0.05,0.631578947368421,0.0,0.99,0.458,200,287,487,310,0.7789406623492866,0.8716629414394278,0.8055554655214325,0.9080000000000417,0.8580000000006633,0.06610747591799526,0.09272227909014119,0.4444444444444444,0.75,1.6875,0.2222222222222222,0.5560344827586207,0.33381226053639845,delta_x_rho
16,0.05,0.631578947368421,0.0,0.99,0.458,191,317,508,334,0.7762171252699167,0.9049735888816884,0.818201297541813,0.9079999999993597,0.8580000000008466,0.08677229133987541,0.12875646361177173,0.5,0.7427385892116183,1.4854771784232366,0.19230769230769232,0.5311203319502075,0.3388126396425152,delta_x_rho
17,0.05,0.631578947368421,0.0,0.99,0.458,216,282,498,348,0.7833872881935168,0.8711457968549369,0.8074575044017704,0.9079999999996365,0.8580000000003183,0.06368829245316643,0.0877585086614201,0.4090909090909091,0.7551020408163265,1.8458049886621313,0.0,0.5428571428571428,0.5428571428571428,delta_x_rho
18,0.05,0.631578947368421,0.0,0.99,0.458,209,280,489,352,0.7656912023448097,0.8753489730528379,0.8176783230677528,0.9080000000007684,0.8580000000002073,0.05767064998508509,0.10965777070802818,0.5714285714285714,0.8114035087719298,1.4199561403508771,0.17857142857142858,0.5745614035087719,0.39598997493734334,delta_x_rho
19,0.05,0.631578947368421,0.0,0.99,0.458,191,309,500,329,0.7206732059886423,0.8505522324737871,0.8252518432002334,0.9080000000004745,0.8579999999986774,0.025300389273553714,0.12987902648514482,0.45,0.7512953367875648,1.669545192861255,0.1,0.5595854922279793,0.4595854922279793,delta_x_rho
0,0.05,0.631578947368421,0.4,0.99,0.458,190,311,501,334,0.8261586331469293,0.901646639964397,0.8177320753917959,0.9079999999999299,0.8580000000010259,0.08391456457260105,0.0754880068174677,0.3333333333333333,0.6911196911196911,2.0733590733590734,0.0,0.47876447876447875,0.47876447876447875,delta_x_rho
1,0.05,0.631578947368421,0.4,0.99,0.458,197,259,456,309,0.7991887846825546,0.897955946337926,0.7604723968360332,0.9080000000013018,0.8580000000008184,0.1374835495018928,0.09876716165537136,0.5739130434782609,0.7574468085106383,1.3197936814958091,0.26666666666666666,0.6042553191489362,0.3375886524822695,delta_x_rho
2,0.05,0.631578947368421,0.4,0.99,0.458,209,282,491,329,0.8177053352953365,0.8747390755328013,0.7742048016323577,0.9079999999991359,0.8579999999997137,0.10053427390044356,0.05703374023746477,0.5735294117647058,0.9090909090909091,1.5850815850815851,0.2727272727272727,0.5118110236220472,0.23908375089477452,delta_x_rho
3,0.05,0.631578947368421,0.4,0.99,0.458,189,265,454,303,0.8223812094432633,0.8927206311547948,0.7830014941450364,0.907999999999561,0.8579999999996748,0.10971913700975844,0.07033942171153151,0.41379310344827586,0.8181818181818182,1.9772727272727275,0.09090909090909091,0.5510204081632653,0.4601113172541743,delta_x_rho
4,0.05,0.631578947368421,0.4,0.99,0.458,198,279,477,327,0.7932967526633296,0.8905152462544156,0.7843699031028996,0.9080000000001648,0.8579999999996079,0.10614534315151603,0.09721849359108603,0.3888888888888889,0.7478991596638656,1.9231692677070829,0.1111111111111111,0.5546218487394958,0.4435107376283847,delta_x_rho
5,0.05,0.631578947368421,0.4,0.99,0.458,203,276,479,331,0.8136471325817107,0.8945054266574347,0.7316510069814699,0.90799999999946,0.8580000000009134,0.1628544196759648,0.08085829407572398,0.4782608695652174,0.7888888888888889,1.6494949494949493,0.1111111111111111,0.5740740740740741,0.46296296296296297,delta_x_rho
6,0.05,0.631578947368421,0.4,0.99,0.458,200,286,486,342,0.7910241239588013,0.863102369244524,0.8001937625368588,0.9079999999995513,0.8579999999989489,0.06290860670766518,0.07207824528572271,0.5833333333333334,0.7593360995850622,1.3017190278601065,0.2222222222222222,0.5518672199170125,0.3296449976947903,delta_x_rho
7,0.05,0.631578947368421,0.4,0.99,0.458,185,327,512,330,0.801843547077922,0.8781575536460083,0.7905793005492993,0.9080000000005176,0.8580000000006777,0.08757825309670908,0.07631400656808629,0.4166666666666667,0.7354085603112841,1.7649805447470817,0.16666666666666666,0.5252918287937743,0.3586251621271077,delta_x_rho
8,0.05,0.631578947368421,0.4,0.99,0.458,180,295,475,319,0.8254165996029831,0.8892827253482991,0.8111095285571857,0.9080000000003132,0.8579999999983922,0.07817319679111345,0.06386612574531603,0.5,0.7096774193548387,1.4193548387096775,0.16666666666666666,0.4581673306772908,0.29150066401062413,delta_x_rho
9,0.05,0.631578947368421,0.4,0.99,0.458,203,268,471,311,0.8175793154540133,0.8483358397537387,0.7736215189612106,0.9079999999997266,0.8580000000009568,0.07471432079252815,0.03075652429972542,0.43478260869565216,0.7916666666666666,1.8208333333333333,0.34782608695652173,0.5152671755725191,0.16744108861599738,delta_x_rho
10,0.05,0.631578947368421,0.4,0.99,0.458,185,286,471,318,0.815163512191329,0.8692813595122655,0.8231900595917332,0.9079999999992925,0.8579999999981578,0.04609129992053229,0.054117847320936496,0.4,0.7338709677419355,1.8346774193548387,0.0,0.46558704453441296,0.46558704453441296,delta_x_rho
11,0.05,0.631578947368421,0.4,0.99,0.458,194,315,509,333,0.7941472580684608,0.8807492726512265,0.8048142662657272,0.9079999999992758,0.8579999999989252,0.07593500638549933,0.08660201458276573,0.47368421052631576,0.9166666666666666,1.9351851851851851,0.3333333333333333,0.5122950819672131,0.17896174863387976,delta_x_rho
12,0.05,0.631578947368421,0.4,0.99,0.458,194,238,432,308,0.8138022998060406,0.8656346663847664,0.7921496019963238,0.9079999999992828,0.857999999999022,0.0734850643884426,0.05183236657872581,0.41379310344827586,0.7796610169491526,1.884180790960452,0.4166666666666667,0.559322033898305,0.14265536723163835,delta_x_rho
13,0.05,0.631578947368421,0.4,0.99,0.458,197,275,472,318,0.7614924311036356,0.8901400471356056,0.7463880245563872,0.9079999999998561,0.8580000000002193,0.14375202257921837,0.12864761603196995,0.375,0.7937219730941704,2.116591928251121,0.0,0.6367713004484304,0.6367713004484304,delta_x_rho
14,0.05,0.631578947368421,0.4,0.99,0.458,197,279,476,342,0.8108022403249928,0.885650833937636,0.8104377809002761,0.9079999999994776,0.8580000000014663,0.07521305303735992,0.07484859361264318,0.6,0.7607843137254902,1.2679738562091503,0.26666666666666666,0.49411764705882355,0.2274509803921569,delta_x_rho
15,0.05,0.631578947368421,0.4,0.99,0.458,200,265,465,299,0.8100165761521515,0.8716629414394278,0.7804822961186978,0.9080000000000417,0.8579999999998256,0.09118064532073,0.061646365287276295,0.42857142857142855,0.7142857142857143,1.6666666666666667,0.4,0.5387755102040817,0.13877551020408163,delta_x_rho
16,0.05,0.631578947368421,0.4,0.99,0.458,191,287,478,303,0.8062295894284719,0.9049735888816884,0.7670756016530265,0.9079999999993597,0.8579999999982125,0.13789798722866198,0.09874399945321655,0.3469387755102041,0.7203065134099617,2.076177597475772,0.09090909090909091,0.5593869731800766,0.46847788227098563,delta_x_rho
17,0.05,0.631578947368421,0.4,0.99,0.458,216,264,480,339,0.8250021291091807,0.8711457968549369,0.7968142074216626,0.9079999999996365,0.8579999999985733,0.07433158943327423,0.04614366774575618,0.4166666666666667,0.7692307692307693,1.8461538461538463,0.08333333333333333,0.549618320610687,0.46628498727735374,delta_x_rho
18,0.05,0.631578947368421,0.4,0.99,0.458,209,259,468,339,0.7896661067052129,0.8753489730528379,0.7902453811544721,0.9080000000007684,0.8580000000002478,0.0851035918983658,0.08568286634762501,0.640625,0.7965367965367965,1.2433745116671946,0.19047619047619047,0.5800865800865801,0.38961038961038963,delta_x_rho
19,0.05,0.631578947368421,0.4,0.99,0.458,191,284,475,323,0.7702451848275121,0.8505522324737871,0.8229722038688236,0.9080000000004745,0.8579999999999328,0.027580028604963447,0.08030704764627494,0.5365853658536586,0.7783018867924528,1.4504716981132075,0.18181818181818182,0.5424528301886793,0.36063464837049747,delta_x_rho
0,0.05,0.631578947368421,0.8,0.99,0.458,190,297,487,334,0.8619701995472017,0.901646639964397,0.7948000251738571,0.9079999999999299,0.8579999999993013,0.10684661479053992,0.03967644041719531,0.42857142857142855,0.7447552447552448,1.737762237762238,0.0,0.5034965034965035,0.5034965034965035,delta_x_rho
1,0.05,0.631578947368421,0.8,0.99,0.458,197,223,420,297,0.8236926600089713,0.897955946337926,0.7029623958421946,0.9080000000013018,0.8579999999985769,0.19499355049573142,0.07426328632895463,0.5384615384615384,0.7947598253275109,1.4759825327510918,0.15384615384615385,0.6419213973799127,0.48807524353375886,delta_x_rho
2,0.05,0.631578947368421,0.8,0.99,0.458,209,260,469,322,0.8484418066462116,0.8747390755328013,0.7447369350906329,0.9079999999991359,0.8579999999985924,0.1300021404421684,0.026297268886589675,0.5094339622641509,0.7343173431734318,1.4414377477108105,0.14285714285714285,0.5350553505535055,0.39219820769636266,delta_x_rho
3,0.05,0.631578947368421,0.8,0.99,0.458,189,240,429,280,0.8438855301405103,0.8927206311547948,0.7540908056440601,0.907999999999561,0.8579999999997043,0.13862982551073477,0.048835101014284565,0.3684210526315789,0.74,2.0085714285714285,0.14285714285714285,0.552,0.4091428571428572,delta_x_rho
4,0.05,0.631578947368421,0.8,0.99,0.458,198,258,456,317,0.8353215193460685,0.8905152462544156,0.7565521485924488,0.9080000000001648,0.8579999999993988,0.1339630976619668,0.05519372690834712,0.5,0.7431906614785992,1.4863813229571985,0.0,0.556420233463035,0.556420233463035,delta_x_rho
5,0.05,0.631578947368421,0.8,0.99,0.458,203,250,453,318,0.8535146514277576,0.8945054266574347,0.751528120713306,0.90799999999946,0.8579999999998321,0.14297730594412872,0.04099077522967709,0.5,0.7762711864406779,1.5525423728813559,0.125,0.5491525423728814,0.42415254237288136,delta_x_rho
6,0.05,0.631578947368421,0.8,0.99,0.458,200,280,480,342,0.8238907341168454,0.863102369244524,0.7716835552023315,0.9079999999995513,0.8579999999997596,0.09141881404219254,0.03921163512767856,0.6129032258064516,0.788235294117647,1.2860681114551082,0.0,0.5568627450980392,0.5568627450980392,delta_x_rho
7,0.05,0.631578947368421,0.8,0.99,0.458,185,302,487,309,0.8434665403043226,0.8781575536460083,0.7941374443600043,0.9080000000005176,0.8579999999990917,0.08402010928600401,0.034691013341685784,0.5,0.7220216606498195,1.444043321299639,0.2857142857142857,0.516245487364621,0.23053120165033525,delta_x_rho
8,0.05,0.631578947368421,0.8,0.99,0.458,180,272,452,308,0.8483738659414637,0.8892827253482991,0.7572102975139248,0.9080000000003132,0.8580000000008092,0.13207242783437434,0.04090885940683542,0.5,0.7335907335907336,1.4671814671814671,0.0,0.5019305019305019,0.5019305019305019,delta_x_rho
9,0.05,0.631578947368421,0.8,0.99,0.458,203,244,447,306,0.8351612649376637,0.8483358397537387,0.7412089883608799,0.9079999999997266,0.857999999999247,0.10712685139285882,0.01317457481607498,0.6,0.7916666666666666,1.3194444444444444,0.5,0.52734375,0.02734375,delta_x_rho
10,0.05,0.631578947368421,0.8,0.99,0.458,185,257,442,306,0.8426688894181155,0.8692813595122655,0.8170117445471745,0.9079999999992925,0.8579999999988026,0.05226961496509097,0.02661247009415002,0.5454545454545454,0.7379032258064516,1.3528225806451615,0.0,0.5161290322580645,0.5161290322580645,delta_x_rho
11,0.05,0.631578947368421,0.8,0.99,0.458,194,282,476,319,0.8260180665841043,0.8807492726512265,0.7499152556317982,0.9079999999992758,0.8579999999998289,0.13083401701942832,0.05473120606712223,0.46153846153846156,0.7626459143968871,1.6523994811932554,0.18181818181818182,0.5408560311284046,0.3590378493102228,delta_x_rho
12,0.05,0.631578947368421,0.8,0.99,0.458,194,222,416,307,0.8336552734746698,0.8656346663847664,0.7630711976084438,0.9079999999992828,0.8579999999993102,0.10256346877632261,0.03197939291009655,0.5714285714285714,0.8024691358024691,1.404320987654321,0.4,0.5679012345679012,0.16790123456790118,delta_x_rho
13,0.05,0.631578947368421,0.8,0.99,0.458,197,247,444,312,0.8167821609868775,0.8901400471356056,0.7234281700035124,0.9079999999998561,0.8580000000009181,0.16671187713209312,0.07335788614872807,0.3,0.782051282051282,2.606837606837607,0.0,0.6196581196581197,0.6196581196581197,delta_x_rho
14,0.05,0.631578947368421,0.8,0.99,0.458,197,247,444,322,0.8338102276888028,0.885650833937636,0.7485903906235557,0.9079999999994776,0.8580000000015485,0.1370604433140803,0.05184060624883324,0.38461538461538464,0.8,2.08,0.0,0.5542168674698795,0.5542168674698795,delta_x_rho
15,0.05,0.631578947368421,0.8,0.99,0.458,200,256,456,303,0.8433727870914035,0.8716629414394278,0.7346615657955067,0.9080000000000417,0.8579999999994331,0.13700137564392112,0.028290154348024288,0.5185185185185185,1.0,1.9285714285714286,0.6666666666666666,0.5325670498084292,-0.13409961685823746,delta_x_rho
16,0.05,0.631578947368421,0.8,0.99,0.458,191,263,454,296,0.8376008850560157,0.9049735888816884,0.718743113393335,0.9079999999993597,0.8579999999983409,0.18623047548835348,0.06737270382567273,0.45454545454545453,0.7256317689530686,1.596389891696751,0.09090909090909091,0.5523465703971119,0.46143747948802094,delta_x_rho
17,0.05,0.631578947368421,0.8,0.99,0.458,216,227,443,322,0.8547527458221166,0.8711457968549369,0.7513843761835469,0.9079999999996365,0.8580000000009391,0.11976142067138995,0.016393051032820294,0.55,0.7819548872180451,1.4217361585782637,0.2857142857142857,0.5827067669172933,0.2969924812030076,delta_x_rho
18,0.05,0.631578947368421,0.8,0.99,0.458,209,242,451,326,0.8222301118918907,0.8753489730528379,0.7436755210000189,0.9080000000007684,0.858000000001273,0.131673452052819,0.05311886116094722,0.5862068965517241,0.7975708502024291,1.3605620385806145,0.3333333333333333,0.5991902834008097,0.2658569500674764,delta_x_rho
19,0.05,0.631578947368421,0.8,0.99,0.458,191,246,437,311,0.8146064073226545,0.8505522324737871,0.7593239898624454,0.9080000000004745,0.8579999999995079,0.09122824261134166,0.03594582515113254,0.375,0.7692307692307693,2.0512820512820515,0.25,0.5213675213675214,0.2713675213675214,delta_x_rho
0,0.1,0.631578947368421,0.0,0.99,0.458,190,319,509,339,0.7569078169708728,0.901646639964397,0.779473448956696,0.9079999999999299,0.8080000000013627,0.12217319100770097,0.14473882299352414,0.48,0.7488789237668162,1.5601644245142006,0.0,0.5605381165919282,0.5605381165919282,delta_x_rho
1,0.1,0.631578947368421,0.0,0.99,0.458,197,276,473,317,0.7523811266647433,0.897955946337926,0.7402470675814338,0.9080000000013018,0.8080000000026462,0.1577088787564922,0.14557481967318264,0.4642857142857143,0.7713004484304933,1.6612625043118316,0.14285714285714285,0.6233183856502242,0.4804612427930814,delta_x_rho
2,0.1,0.631578947368421,0.0,0.99,0.458,209,283,492,329,0.7672111104144459,0.8747390755328013,0.7578291353747322,0.9079999999991359,0.8080000000024605,0.1169099401580691,0.10752796511835538,0.4444444444444444,0.7456896551724138,1.6778017241379313,0.034482758620689655,0.5689655172413793,0.5344827586206897,delta_x_rho
3,0.1,0.631578947368421,0.0,0.99,0.458,189,285,474,311,0.7512182120280033,0.8927206311547948,0.7249739124763582,0.907999999999561,0.8079999999991042,0.1677467186784366,0.1415024191267915,0.4,0.7657657657657657,1.9144144144144142,0.0,0.6126126126126126,0.6126126126126126,delta_x_rho
4,0.1,0.631578947368421,0.0,0.99,0.458,198,299,497,343,0.7191914372834948,0.8905152462544156,0.7638104564325738,0.9080000000001648,0.8079999999998747,0.12670478982184175,0.1713238089709208,0.48484848484848486,0.8137254901960784,1.6783088235294117,0.18181818181818182,0.5833333333333334,0.40151515151515155,delta_x_rho
5,0.1,0.631578947368421,0.0,0.99,0.458,203,296,499,341,0.7538461856633805,0.8945054266574347,0.7058002070262696,0.90799999999946,0.8079999999982994,0.18870521963116516,0.14065924099405425,0.5,0.825,1.65,0.08571428571428572,0.6416666666666667,0.555952380952381,delta_x_rho
6,0.1,0.631578947368421,0.0,0.99,0.458,200,297,497,350,0.7294509323985148,0.863102369244524,0.7446285282733882,0.9079999999995513,0.8079999999995776,0.11847384097113578,0.13365143684600922,0.5172413793103449,0.8009259259259259,1.5484567901234567,0.10344827586206896,0.5787037037037037,0.47525542784163477,delta_x_rho
7,0.1,0.631578947368421,0.0,0.99,0.458,185,340,525,343,0.7278342299262802,0.8781575536460083,0.7157325591180678,0.9080000000005176,0.807999999998231,0.16242499452794057,0.15032332371972812,0.4925373134328358,0.7743362831858407,1.5721373022257978,0.12903225806451613,0.5663716814159292,0.43733942335141307,delta_x_rho
8,0.1,0.631578947368421,0.0,0.99,0.458,180,311,491,323,0.7533035544215195,0.8892827253482991,0.7694718278971424,0.9080000000003132,0.8079999999992461,0.1198108974511567,0.13597917092677958,0.5185185185185185,0.7327586206896551,1.4131773399014778,0.037037037037037035,0.5043103448275862,0.46727330779054915,delta_x_rho
9,0.1,0.631578947368421,0.0,0.99,0.458,203,298,501,324,0.7626998069975751,0.8483358397537387,0.7601588900288976,0.9079999999997266,0.8079999999969502,0.08817694972484114,0.0856360327561636,0.4482758620689655,0.6954732510288066,1.5514403292181072,0.2413793103448276,0.5390946502057613,0.2977153398609337,delta_x_rho
10,0.1,0.631578947368421,0.0,0.99,0.458,185,312,497,331,0.7455713663423842,0.8692813595122655,0.7768355957767723,0.9079999999992925,0.8079999999977274,0.09244576373549318,0.1237099931698813,0.4411764705882353,0.7410071942446043,1.6796163069544363,0.10526315789473684,0.4766355140186916,0.37137235612395475,delta_x_rho
11,0.1,0.631578947368421,0.0,0.99,0.458,194,332,526,337,0.7281100214288699,0.8807492726512265,0.7554803537189136,0.9079999999992758,0.8080000000005461,0.12526891893231284,0.15263925122235655,0.45614035087719296,0.7746478873239436,1.6982665222101843,0.1875,0.5774647887323944,0.3899647887323944,delta_x_rho
12,0.1,0.631578947368421,0.0,0.99,0.458,194,284,478,327,0.7557843746596015,0.8656346663847664,0.741011559370155,0.9079999999992828,0.8079999999977773,0.12462310701461143,0.10985029172516492,0.43478260869565216,0.7699115044247787,1.7707964601769912,0.17391304347826086,0.5796460176991151,0.4057329742208542,delta_x_rho
13,0.1,0.631578947368421,0.0,0.99,0.458,197,284,481,316,0.6958747326845487,0.8901400471356056,0.7109012645309852,0.9079999999998561,0.8080000000022713,0.17923878260462034,0.19426531445105688,0.375,0.8457446808510638,2.25531914893617,0.0,0.7287234042553191,0.7287234042553191,delta_x_rho
14,0.1,0.631578947368421,0.0,0.99,0.458,197,295,492,343,0.74373210441616,0.885650833937636,0.7736805456645935,0.9079999999994776,0.8080000000019958,0.11197028827304245,0.141918729521476,0.5277777777777778,0.8,1.5157894736842106,0.1388888888888889,0.5702127659574469,0.43132387706855796,delta_x_rho
15,0.1,0.631578947368421,0.0,0.99,0.458,200,283,483,307,0.750002648916805,0.8716629414394278,0.755852370968959,0.9080000000000417,0.808000000000028,0.11581057047046883,0.12166029252262278,0.4375,0.7488372093023256,1.7116279069767442,0.25,0.5906976744186047,0.34069767441860466,delta_x_rho
16,0.1,0.631578947368421,0.0,0.99,0.458,191,326,517,335,0.7484254110251451,0.9049735888816884,0.7552057147340979,0.9079999999993597,0.8079999999989859,0.14976787414759052,0.1565481778565433,0.4880952380952381,0.7822222222222223,1.6026016260162603,0.06451612903225806,0.6,0.5354838709677419,delta_x_rho
17,0.1,0.631578947368421,0.0,0.99,0.458,216,287,503,346,0.7628047639704688,0.8711457968549369,0.7594214407260352,0.9079999999996365,0.8079999999989255,0.11172435612890164,0.10834103288446806,0.4857142857142857,0.7800829875518672,1.606053209665609,0.05714285714285714,0.5892116182572614,0.5320687611144043,delta_x_rho
18,0.1,0.631578947368421,0.0,0.99,0.458,209,287,496,353,0.7241497149789765,0.8753489730528379,0.7569759338789402,0.9080000000007684,0.8079999999983865,0.11837303917389763,0.15119925807386136,0.5576923076923077,0.8181818181818182,1.4670846394984327,0.17142857142857143,0.645933014354067,0.4745044429254956,delta_x_rho
19,0.1,0.631578947368421,0.0,0.99,0.458,191,306,497,331,0.7009583272832873,0.8505522324737871,0.7712249611247596,0.9080000000004745,0.8080000000014805,0.0793272713490275,0.14959390519049975,0.46875,0.7914438502673797,1.6884135472370767,0.09375,0.5935828877005348,0.4998328877005348,delta_x_rho
0,0.1,0.631578947368421,0.4,0.99,0.458,190,315,505,335,0.7996914908882192,0.901646639964397,0.7707688164804093,0.9079999999999299,0.8079999999982124,0.1308778234839877,0.10195514907617775,0.5,0.7254098360655737,1.4508196721311475,0.0,0.5327868852459017,0.5327868852459017,delta_x_rho
1,0.1,0.631578947368421,0.4,0.99,0.458,197,250,447,312,0.7842613515002306,0.897955946337926,0.7320804755372657,0.9080000000013018,0.8079999999995289,0.16587547080066023,0.1136945948376954,0.5,0.7739130434782608,1.5478260869565217,0.2,0.6260869565217392,0.42608695652173917,delta_x_rho
2,0.1,0.631578947368421,0.4,0.99,0.458,209,278,487,328,0.8002980045279839,0.8747390755328013,0.728678011736049,0.9079999999991359,0.8080000000014067,0.14606106379675232,0.07444107100481734,0.5857142857142857,0.734375,1.253810975609756,0.1111111111111111,0.54296875,0.4318576388888889,delta_x_rho
3,0.1,0.631578947368421,0.4,0.99,0.458,189,266,455,302,0.801528038056797,0.8927206311547948,0.7311952151220982,0.907999999999561,0.8080000000000132,0.16152541603269666,0.09119259309799788,0.4262295081967213,0.7656903765690377,1.7964274219504348,0.058823529411764705,0.5690376569037657,0.510214127492001,delta_x_rho
4,0.1,0.631578947368421,0.4,0.99,0.458,198,283,481,333,0.7512701469756684,0.8905152462544156,0.7127342998973067,0.9080000000001648,0.8079999999992261,0.17778094635710884,0.13924509927874718,0.42857142857142855,0.8073394495412844,1.8837920489296638,0.07142857142857142,0.6192660550458715,0.5478374836173001,delta_x_rho
5,0.1,0.631578947368421,0.4,0.99,0.458,203,276,479,331,0.7973380446580699,0.8945054266574347,0.6840733959720741,0.90799999999946,0.8080000000018596,0.21043203068536065,0.09716738199936481,0.42857142857142855,0.8122605363984674,1.8952745849297574,0.07142857142857142,0.6015325670498084,0.530103995621237,delta_x_rho
6,0.1,0.631578947368421,0.4,0.99,0.458,200,291,491,346,0.7611686618118947,0.863102369244524,0.7329964162527263,0.9079999999995513,0.8080000000004145,0.13010595299179772,0.1019337074326293,0.5555555555555556,0.7828054298642534,1.409049773755656,0.1111111111111111,0.583710407239819,0.47259929612870794,delta_x_rho
7,0.1,0.631578947368421,0.4,0.99,0.458,185,338,523,335,0.777205695778914,0.8781575536460083,0.7403257679762976,0.9080000000005176,0.808000000002284,0.13783178566971077,0.10095185786709437,0.4375,0.7327935222672065,1.6749566223250434,0.0625,0.5344129554655871,0.4719129554655871,delta_x_rho
8,0.1,0.631578947368421,0.4,0.99,0.458,180,305,485,319,0.7889819587628867,0.8892827253482991,0.7601836188601482,0.9080000000003132,0.8080000000024266,0.12909910648815093,0.10030076658541243,0.5609756097560976,0.7016129032258065,1.2507012622720897,0.05263157894736842,0.5,0.4473684210526316,delta_x_rho
9,0.1,0.631578947368421,0.4,0.99,0.458,203,277,480,314,0.7826658576051779,0.8483358397537387,0.7241258858136115,0.9079999999997266,0.8080000000007449,0.12420995394012724,0.06566998214856079,0.5,0.7184873949579832,1.4369747899159664,0.3076923076923077,0.5630252100840336,0.2553329023917259,delta_x_rho
10,0.1,0.631578947368421,0.4,0.99,0.458,185,287,472,320,0.7776534264889808,0.8692813595122655,0.7808556843043513,0.9079999999992925,0.8079999999983972,0.08842567520791422,0.09162793302328465,0.4,0.7295081967213115,1.8237704918032787,0.1,0.5043859649122807,0.40438596491228074,delta_x_rho
11,0.1,0.631578947368421,0.4,0.99,0.458,194,311,505,326,0.7648576348318061,0.8807492726512265,0.750289631056919,0.9079999999992758,0.807999999998239,0.13045964159430745,0.11589163781942036,0.4166666666666667,0.7619047619047619,1.8285714285714283,0.16666666666666666,0.5454545454545454,0.3787878787878788,delta_x_rho
12,0.1,0.631578947368421,0.4,0.99,0.458,194,256,450,313,0.7805468881060226,0.8656346663847664,0.7273344366116461,0.9079999999992828,0.8080000000023605,0.1383002297731203,0.08508777827874381,0.4375,0.7929515418502202,1.8124606670862176,0.125,0.5991189427312775,0.4741189427312775,delta_x_rho
13,0.1,0.631578947368421,0.4,0.99,0.458,197,277,474,320,0.7374637545649364,0.8901400471356056,0.7074859606899319,0.9079999999998561,0.8079999999982042,0.1826540864456737,0.15267629257066917,0.34782608695652173,0.7894736842105263,2.2697368421052633,0.0,0.6650717703349283,0.6650717703349283,delta_x_rho
14,0.1,0.631578947368421,0.4,0.99,0.458,197,282,479,342,0.7692055077291172,0.885650833937636,0.7512793931315923,0.9079999999994776,0.8080000000002175,0.13437144080604368,0.11644532620851877,0.4444444444444444,0.7815126050420168,1.758403361344538,0.037037037037037035,0.5462184873949579,0.5091814503579208,delta_x_rho
15,0.1,0.631578947368421,0.4,0.99,0.458,200,270,470,304,0.7709450616015316,0.8716629414394278,0.7018612521150592,0.9080000000000417,0.8079999999985971,0.16980168932436857,0.10071787983789615,0.3333333333333333,0.7903930131004366,2.37117903930131,0.08,0.6069868995633187,0.5269868995633188,delta_x_rho
16,0.1,0.631578947368421,0.4,0.99,0.458,191,300,491,316,0.7681012594637704,0.9049735888816884,0.7001824988301357,0.9079999999993597,0.8079999999997716,0.20479109005155272,0.13687232941791805,0.4838709677419355,0.7591836734693878,1.5689795918367346,0.06451612903225806,0.6040816326530613,0.5395655036208031,delta_x_rho
17,0.1,0.631578947368421,0.4,0.99,0.458,216,267,483,342,0.7973133626197576,0.8711457968549369,0.7372633286732598,0.9079999999996365,0.8079999999999796,0.13388246818167704,0.07383243423517927,0.42105263157894735,0.7813765182186235,1.855769230769231,0.0,0.5789473684210527,0.5789473684210527,delta_x_rho
18,0.1,0.631578947368421,0.4,0.99,0.458,209,274,483,349,0.7662532237317516,0.8753489730528379,0.7235760011608641,0.9080000000007684,0.8079999999986167,0.1517729718919738,0.10909574932108623,0.5,0.8026315789473685,1.605263157894737,0.047619047619047616,0.6140350877192983,0.5664160401002507,delta_x_rho
19,0.1,0.631578947368421,0.4,0.99,0.458,191,288,479,328,0.7359422613932244,0.8505522324737871,0.7665112326146528,0.9080000000004745,0.8080000000015494,0.08404099985913427,0.1146099710805627,0.4782608695652174,0.7722772277227723,1.6147614761476148,0.13043478260869565,0.5742574257425742,0.44382264313387854,delta_x_rho
0,0.1,0.631578947368421,0.8,0.99,0.458,190,293,483,331,0.8358551021316363,0.901646639964397,0.7670361927563549,0.9079999999999299,0.8080000000007695,0.13461044720804205,0.0657915378327607,0.4166666666666667,0.75,1.7999999999999998,0.0,0.5223880597014925,0.5223880597014925,delta_x_rho
1,0.1,0.631578947368421,0.8,0.99,0.458,197,233,430,302,0.7917915203763572,0.897955946337926,0.6429531168456883,0.9080000000013018,0.8080000000024979,0.2550028294922376,0.10616442596156872,0.5142857142857142,0.8190045248868778,1.5925087983911514,0.07142857142857142,0.6606334841628959,0.5892049127343245,delta_x_rho
2,0.1,0.631578947368421,0.8,0.99,0.458,209,266,475,321,0.81056494447127,0.8747390755328013,0.6763644486619589,0.9079999999991359,0.8079999999983679,0.1983746268708424,0.06417413106153125,0.4827586206896552,0.7549407114624506,1.5638057594579333,0.07692307692307693,0.5810276679841897,0.5041045910611128,delta_x_rho
3,0.1,0.631578947368421,0.8,0.99,0.458,189,243,432,285,0.81165258150919,0.8927206311547948,0.693460654009626,0.907999999999561,0.8079999999978418,0.19925997714516885,0.08106804964560488,0.4,0.7702127659574468,1.925531914893617,0.058823529411764705,0.5957446808510638,0.5369211514392991,delta_x_rho
4,0.1,0.631578947368421,0.8,0.99,0.458,198,273,471,328,0.7917970682062148,0.8905152462544156,0.6763353713446135,0.9080000000001648,0.8079999999989869,0.21417987490980206,0.09871817804820082,0.3888888888888889,0.7851239669421488,2.0188902007083827,0.05555555555555555,0.6033057851239669,0.5477502295684114,delta_x_rho
5,0.1,0.631578947368421,0.8,0.99,0.458,203,252,455,318,0.8288065113493973,0.8945054266574347,0.6955159638226,0.90799999999946,0.8079999999996686,0.19898946283483476,0.0656989153080374,0.4642857142857143,0.782608695652174,1.68561872909699,0.047619047619047616,0.5797101449275363,0.5320910973084887,delta_x_rho
6,0.1,0.631578947368421,0.8,0.99,0.458,200,277,477,341,0.7995753647370898,0.863102369244524,0.7201263537906137,0.9079999999995513,0.8080000000002344,0.14297601545391025,0.0635270045074342,0.5555555555555556,0.8065843621399177,1.4518518518518517,0.0,0.5761316872427984,0.5761316872427984,delta_x_rho
7,0.1,0.631578947368421,0.8,0.99,0.458,185,310,495,314,0.8150734949911057,0.8781575536460083,0.7317606199857438,0.9080000000005176,0.8080000000010711,0.14639693366026452,0.06308405865490263,0.43103448275862066,0.7360594795539034,1.707657992565056,0.1875,0.5353159851301115,0.34781598513011147,delta_x_rho
8,0.1,0.631578947368421,0.8,0.99,0.458,180,282,462,313,0.8118592799605457,0.8892827253482991,0.7267315002221455,0.9080000000003132,0.807999999999027,0.1625512251261536,0.07742344538775336,0.5161290322580645,0.8,1.55,0.0,0.5473251028806584,0.5473251028806584,delta_x_rho
9,0.1,0.631578947368421,0.8,0.99,0.458,203,256,459,313,0.7975056779255911,0.8483358397537387,0.6964139872764786,0.9079999999997266,0.8080000000018129,0.1519218524772601,0.05083016182814759,0.45161290322580644,0.7272727272727273,1.6103896103896105,0.36,0.5591836734693878,0.1991836734693878,delta_x_rho
10,0.1,0.631578947368421,0.8,0.99,0.458,185,267,452,311,0.8214651924834488,0.8692813595122655,0.7744869604238941,0.9079999999992925,0.8079999999976912,0.0947943990883714,0.047816167028816636,0.5,0.7325102880658436,1.4650205761316872,0.125,0.5349794238683128,0.40997942386831276,delta_x_rho
11,0.1,0.631578947368421,0.8,0.99,0.458,194,279,473,316,0.7940949781048299,0.8807492726512265,0.6848369491198874,0.9079999999992758,0.8080000000006143,0.19591232353133914,0.08665429454639662,0.40540540540540543,0.8067226890756303,1.9899159663865547,0.0625,0.5840336134453782,0.5215336134453782,delta_x_rho
12,0.1,0.631578947368421,0.8,0.99,0.458,194,239,433,310,0.794193368459386,0.8656346663847664,0.6914635214211474,0.9079999999992828,0.8079999999995452,0.17417114496361896,0.07144129792538034,0.45161290322580644,0.7982832618025751,1.767627222562845,0.05263157894736842,0.592274678111588,0.5396430991642196,delta_x_rho
13,0.1,0.631578947368421,0.8,0.99,0.458,197,249,446,312,0.795004650974227,0.8901400471356056,0.6878152463602123,0.9079999999998561,0.8079999999994963,0.20232480077539328,0.09513539616137856,0.5,0.78125,1.5625,0.0,0.6383928571428571,0.6383928571428571,delta_x_rho
14,0.1,0.631578947368421,0.8,0.99,0.458,197,260,457,325,0.8069104612868289,0.885650833937636,0.7106232995300519,0.9079999999994776,0.8080000000025009,0.17502753440758412,0.07874037265080713,0.35714285714285715,0.7721518987341772,2.162025316455696,0.0,0.5654008438818565,0.5654008438818565,delta_x_rho
15,0.1,0.631578947368421,0.8,0.99,0.458,200,257,457,304,0.8091671639811685,0.8716629414394278,0.6812872594866668,0.9080000000000417,0.8080000000013036,0.190375681952761,0.062495777458259294,0.5,0.7815126050420168,1.5630252100840336,0.25,0.5882352941176471,0.3382352941176471,delta_x_rho
16,0.1,0.631578947368421,0.8,0.99,0.458,191,273,464,304,0.8051540626037715,0.9049735888816884,0.6757598532090214,0.9079999999993597,0.8079999999975223,0.229213735672667,0.0998195262779169,0.45,0.7413127413127413,1.6473616473616473,0.1,0.5714285714285714,0.4714285714285714,delta_x_rho
17,0.1,0.631578947368421,0.8,0.99,0.458,216,239,455,323,0.8199554229826683,0.8711457968549369,0.6942027937150929,0.9079999999996365,0.8079999999978529,0.176943003139844,0.051190373872268546,0.3333333333333333,0.8125,2.4375,0.0,0.609375,0.609375,delta_x_rho
18,0.1,0.631578947368421,0.8,0.99,0.458,209,256,465,332,0.782406377456433,0.8753489730528379,0.678829593649702,0.9080000000007684,0.8080000000011082,0.1965193794031359,0.09294259559640483,0.42857142857142855,0.8091286307053942,1.8879668049792533,0.047619047619047616,0.6224066390041494,0.5747875913851017,delta_x_rho
19,0.1,0.631578947368421,0.8,0.99,0.458,191,240,431,303,0.7797281010795918,0.8505522324737871,0.720207479896829,0.9080000000004745,0.8079999999986688,0.1303447525769581,0.0708241313941953,0.5,0.7783018867924528,1.5566037735849056,0.16666666666666666,0.5707547169811321,0.4040880503144655,delta_x_rho
0,0.15,0.631578947368421,0.0,0.99,0.458,190,315,505,339,0.7370467170940698,0.901646639964397,0.7405023712281016,0.9079999999999299,0.7580000000018646,0.1611442687362954,0.1645999228703272,0.3870967741935484,0.7666666666666667,1.9805555555555558,0.0,0.5904761904761905,0.5904761904761905,delta_x_rho
1,0.15,0.631578947368421,0.0,0.99,0.458,197,281,478,319,0.7339753652811506,0.897955946337926,0.6966291207521507,0.9080000000013018,0.7579999999993334,0.2013268255857753,0.16398058105677538,0.48484848484848486,0.786046511627907,1.621220930232558,0.09090909090909091,0.6511627906976745,0.5602536997885835,delta_x_rho
2,0.15,0.631578947368421,0.0,0.99,0.458,209,284,493,329,0.7406583110042656,0.8747390755328013,0.6970588042888076,0.9079999999991359,0.7579999999975691,0.17768027124399366,0.13408076452853568,0.4146341463414634,0.7465437788018433,1.800487937110328,0.1111111111111111,0.6082949308755761,0.49718381976446496,delta_x_rho
3,0.15,0.631578947368421,0.0,0.99,0.458,189,283,472,304,0.7172316384180791,0.8927206311547948,0.6635989907838485,0.907999999999561,0.7579999999984575,0.2291216403709463,0.1754889927367157,0.48484848484848486,0.7970297029702971,1.6438737623762376,0.0,0.6633663366336634,0.6633663366336634,delta_x_rho
4,0.15,0.631578947368421,0.0,0.99,0.458,198,301,499,345,0.6950267924910709,0.8905152462544156,0.7137584456306694,0.9080000000001648,0.7580000000019003,0.1767568006237462,0.19548845376334467,0.4166666666666667,0.8586387434554974,2.060732984293194,0.1388888888888889,0.6963350785340314,0.5574461896451426,delta_x_rho
5,0.15,0.631578947368421,0.0,0.99,0.458,203,297,500,342,0.7208177594217863,0.8945054266574347,0.6395087951162717,0.90799999999946,0.75799999999776,0.25499663154116303,0.17368766723564844,0.49206349206349204,0.8699551569506726,1.7679733834803992,0.07547169811320754,0.695067264573991,0.6195955664607835,delta_x_rho
6,0.15,0.631578947368421,0.0,0.99,0.458,200,299,499,352,0.7032920329823733,0.863102369244524,0.7043059027441019,0.9079999999995513,0.7579999999999928,0.15879646650042212,0.1598103362621507,0.5263157894736842,0.8333333333333334,1.5833333333333335,0.09523809523809523,0.6458333333333334,0.5505952380952381,delta_x_rho
7,0.15,0.631578947368421,0.0,0.99,0.458,185,340,525,339,0.6919804741980474,0.8781575536460083,0.6607422368088867,0.9080000000005176,0.7579999999983468,0.21741531683712167,0.1861770794479609,0.5,0.817351598173516,1.634703196347032,0.08695652173913043,0.6255707762557078,0.5386142545165773,delta_x_rho
8,0.15,0.631578947368421,0.0,0.99,0.458,180,314,494,324,0.7413074235134532,0.8892827253482991,0.7039626654985884,0.9080000000003132,0.7580000000024925,0.18532005984971067,0.14797530183484586,0.45454545454545453,0.76,1.6720000000000002,0.030303030303030304,0.5555555555555556,0.5252525252525253,delta_x_rho
9,0.15,0.631578947368421,0.0,0.99,0.458,203,304,507,326,0.719629845377155,0.8483358397537387,0.6884314777802453,0.9079999999997266,0.7579999999966712,0.15990436197349345,0.1287059943765837,0.46511627906976744,0.7017543859649122,1.5087719298245614,0.20930232558139536,0.583710407239819,0.37440808165842365,delta_x_rho
10,0.15,0.631578947368421,0.0,0.99,0.458,185,308,493,332,0.7165168323608712,0.8692813595122655,0.7280672591851549,0.9079999999992925,0.7579999999992536,0.14121410032711057,0.15276452715139432,0.49056603773584906,0.7364341085271318,1.5011926058437686,0.05405405405405406,0.5221674876847291,0.46811343363067504,delta_x_rho
11,0.15,0.631578947368421,0.0,0.99,0.458,194,337,531,335,0.6878071626324245,0.8807492726512265,0.6965960152607036,0.9079999999992758,0.7580000000006579,0.1841532573905229,0.19294211001880202,0.4666666666666667,0.7560975609756098,1.6202090592334495,0.1111111111111111,0.6292682926829268,0.5181571815718158,delta_x_rho
12,0.15,0.631578947368421,0.0,0.99,0.458,194,286,480,332,0.7237267927099302,0.8656346663847664,0.6663626935593463,0.9079999999992828,0.7580000000023371,0.19927197282542009,0.14190787367483615,0.5,0.8254716981132075,1.650943396226415,0.1388888888888889,0.6462264150943396,0.5073375262054507,delta_x_rho
13,0.15,0.631578947368421,0.0,0.99,0.458,197,277,474,316,0.6792109726136047,0.8901400471356056,0.6616125150421178,0.9079999999998561,0.7579999999999972,0.22852753209348775,0.21092907452200083,0.4626865671641791,0.848314606741573,1.8334541500543675,0.0,0.7696629213483146,0.7696629213483146,delta_x_rho
14,0.15,0.631578947368421,0.0,0.99,0.458,197,301,498,344,0.7219595245344452,0.885650833937636,0.7286915027312205,0.9079999999994776,0.7580000000012095,0.15695933120641548,0.16369130940319077,0.5428571428571428,0.8,1.473684210526316,0.11428571428571428,0.6047619047619047,0.49047619047619045,delta_x_rho
15,0.15,0.631578947368421,0.0,0.99,0.458,200,283,483,314,0.7199554558150081,0.8716629414394278,0.6891181170047672,0.9080000000000417,0.7579999999983421,0.18254482443466058,0.1517074856244197,0.42857142857142855,0.8092783505154639,1.8883161512027493,0.2222222222222222,0.6597938144329897,0.43757159221076747,delta_x_rho
16,0.15,0.631578947368421,0.0,0.99,0.458,191,331,522,332,0.7084331202544941,0.9049735888816884,0.6907842074005216,0.9079999999993597,0.7580000000029379,0.21418938148116684,0.19654046862719432,0.4444444444444444,0.7741935483870968,1.7419354838709677,0.0425531914893617,0.6267281105990783,0.5841749191097166,delta_x_rho
17,0.15,0.631578947368421,0.0,0.99,0.458,216,292,508,354,0.74049219741778,0.8711457968549369,0.7049046843567391,0.9079999999996365,0.7580000000020414,0.16624111249819773,0.13065359943715682,0.4358974358974359,0.8146551724137931,1.8689148073022313,0.02564102564102564,0.6336206896551724,0.6079796640141467,delta_x_rho
18,0.15,0.631578947368421,0.0,0.99,0.458,209,304,513,364,0.6950503134713661,0.8753489730528379,0.6918319885508427,0.9080000000007684,0.7579999999974165,0.18351698450199516,0.18029865958147173,0.58,0.8246445497630331,1.4218009478672986,0.06,0.6445497630331753,0.5845497630331753,delta_x_rho
19,0.15,0.631578947368421,0.0,0.99,0.458,191,299,490,328,0.6789838893955116,0.8505522324737871,0.7102924935316036,0.9080000000004745,0.7579999999989308,0.14025973894218347,0.1715683430782755,0.475,0.7853107344632768,1.6532857567647934,0.075,0.6101694915254238,0.5351694915254238,delta_x_rho
0,0.15,0.631578947368421,0.4,0.99,0.458,190,318,508,337,0.7775529322442781,0.901646639964397,0.7404643818580617,0.9079999999999299,0.7580000000003939,0.16118225810633524,0.12409370772011885,0.4090909090909091,0.7489539748953975,1.8307763830776382,0.0,0.5648535564853556,0.5648535564853556,delta_x_rho
1,0.15,0.631578947368421,0.4,0.99,0.458,197,259,456,313,0.7584066172498384,0.897955946337926,0.6817969090696364,0.9080000000013018,0.7580000000019794,0.21615903726828956,0.1395493290880876,0.4090909090909091,0.7916666666666666,1.935185185185185,0.045454545454545456,0.6620370370370371,0.6165824915824917,delta_x_rho
2,0.15,0.631578947368421,0.4,0.99,0.458,209,285,494,327,0.7634068940513127,0.8747390755328013,0.6621681993086806,0.9079999999991359,0.757999999999255,0.21257087622412063,0.1113321814814886,0.4852941176470588,0.7521008403361344,1.5497835497835497,0.06451612903225806,0.5882352941176471,0.523719165085389,delta_x_rho
3,0.15,0.631578947368421,0.4,0.99,0.458,189,264,453,304,0.7793484743288471,0.8927206311547948,0.678258656514524,0.907999999999561,0.7579999999977005,0.21446197464027084,0.1133721568259477,0.3888888888888889,0.8027522935779816,2.0642201834862384,0.09523809523809523,0.6376146788990825,0.5423765836609873,delta_x_rho
4,0.15,0.631578947368421,0.4,0.99,0.458,198,285,483,342,0.7222631921354721,0.8905152462544156,0.6686167090588927,0.9080000000001648,0.7580000000004734,0.22189853719552288,0.1682520541189435,0.4,0.8446601941747572,2.111650485436893,0.11428571428571428,0.6699029126213593,0.5556171983356449,delta_x_rho
5,0.15,0.631578947368421,0.4,0.99,0.458,203,289,492,336,0.7607770602127615,0.8945054266574347,0.6519704496981179,0.90799999999946,0.7579999999977683,0.2425349769593168,0.13372836644467323,0.39473684210526316,0.8192771084337349,2.0755020080321285,0.02631578947368421,0.6345381526104418,0.6082223631367576,delta_x_rho
6,0.15,0.631578947368421,0.4,0.99,0.458,200,295,495,350,0.7333988702680773,0.863102369244524,0.6990995268163762,0.9079999999995513,0.7579999999989916,0.16400284242814778,0.12970349897644673,0.56,0.8203883495145631,1.4649791955617197,0.08,0.6310679611650486,0.5510679611650486,delta_x_rho
7,0.15,0.631578947368421,0.4,0.99,0.458,185,337,522,333,0.7441613396956873,0.8781575536460083,0.6564787339268051,0.9080000000005176,0.7580000000017804,0.22167881971920322,0.13399621395032102,0.5084745762711864,0.7739130434782608,1.5220289855072464,0.06896551724137931,0.591304347826087,0.5223388305847076,delta_x_rho
8,0.15,0.631578947368421,0.4,0.99,0.458,180,307,487,323,0.7621650081609014,0.8892827253482991,0.6957731186248871,0.9080000000003132,0.7579999999969336,0.193509606723412,0.12711771718739773,0.44,0.7341772151898734,1.6685845799769852,0.04,0.5358649789029536,0.4958649789029536,delta_x_rho
9,0.15,0.631578947368421,0.4,0.99,0.458,203,283,486,322,0.7515455828286854,0.8483358397537387,0.6588678799570854,0.9079999999997266,0.7579999999988015,0.18946795979665332,0.09679025692505328,0.48484848484848486,0.721030042918455,1.4871244635193133,0.18181818181818182,0.5708154506437768,0.388997268825595,delta_x_rho
10,0.15,0.631578947368421,0.4,0.99,0.458,185,293,478,322,0.7541846343771158,0.8692813595122655,0.7121787606336916,0.9079999999992925,0.758000000002564,0.15710259887857392,0.11509672513514968,0.45161290322580644,0.7454545454545455,1.6506493506493507,0.06451612903225806,0.5363636363636364,0.4718475073313783,delta_x_rho
11,0.15,0.631578947368421,0.4,0.99,0.458,194,308,502,321,0.7190586491244325,0.8807492726512265,0.6743013914221053,0.9079999999992758,0.7579999999981744,0.20644788122912117,0.16169062352679398,0.43103448275862066,0.8118811881188119,1.883564356435644,0.10810810810810811,0.6633663366336634,0.5552582285255553,delta_x_rho
12,0.15,0.631578947368421,0.4,0.99,0.458,194,268,462,321,0.7537059564907667,0.8656346663847664,0.6767992678378508,0.9079999999992828,0.7579999999986883,0.18883539854691556,0.11192870989399972,0.45454545454545453,0.817351598173516,1.7981735159817351,0.18181818181818182,0.634703196347032,0.45288501452885016,delta_x_rho
13,0.15,0.631578947368421,0.4,0.99,0.458,197,260,457,315,0.7331465641093651,0.8901400471356056,0.6391858944913608,0.9079999999998561,0.7579999999984216,0.2509541526442448,0.1569934830262405,0.375,0.8186274509803921,2.183006535947712,0.0,0.7009803921568627,0.7009803921568627,delta_x_rho
14,0.15,0.631578947368421,0.4,0.99,0.458,197,281,478,336,0.7555323461504782,0.885650833937636,0.700136670650143,0.9079999999994776,0.7579999999979586,0.18551416328749304,0.13011848778715784,0.43333333333333335,0.7955555555555556,1.8358974358974358,0.06666666666666667,0.5822222222222222,0.5155555555555555,delta_x_rho
15,0.15,0.631578947368421,0.4,0.99,0.458,200,279,479,311,0.7614444034537394,0.8716629414394278,0.6871788228181545,0.9080000000000417,0.7580000000033136,0.18448411862127334,0.11021853798568837,0.37209302325581395,0.7870370370370371,2.115162037037037,0.21052631578947367,0.6342592592592593,0.42373294346978563,delta_x_rho
16,0.15,0.631578947368421,0.4,0.99,0.458,191,306,497,318,0.7358128150345371,0.9049735888816884,0.6443199209920165,0.9079999999993597,0.757999999998542,0.2606536678896719,0.16916077384715134,0.4117647058823529,0.7639484978540773,1.8553034947884735,0.05,0.6266094420600858,0.5766094420600858,delta_x_rho
17,0.15,0.631578947368421,0.4,0.99,0.458,216,267,483,341,0.7733724525367087,0.8711457968549369,0.6814511814149364,0.9079999999996365,0.7579999999973667,0.18969461544000044,0.09777334431822815,0.3793103448275862,0.7932489451476793,2.0912926735711546,0.0,0.6075949367088608,0.6075949367088608,delta_x_rho
18,0.15,0.631578947368421,0.4,0.99,0.458,209,283,492,355,0.7371026396639289,0.8753489730528379,0.6879599463238745,0.9080000000007684,0.7580000000026526,0.1873890267289634,0.13824633338890902,0.5686274509803921,0.8333333333333334,1.4655172413793105,0.10344827586206896,0.6481481481481481,0.5446998722860792,delta_x_rho
19,0.15,0.631578947368421,0.4,0.99,0.458,191,287,478,324,0.7140629772255933,0.8505522324737871,0.7015995462280205,0.9080000000004745,0.7580000000004791,0.14895268624576663,0.13648925524819377,0.5,0.7925531914893617,1.5851063829787233,0.14285714285714285,0.5904255319148937,0.4475683890577508,delta_x_rho
0,0.15,0.631578947368421,0.8,0.99,0.458,190,301,491,332,0.808485943279127,0.901646639964397,0.7078838329164956,0.9079999999999299,0.7579999999985848,0.1937628070479014,0.09316069668526994,0.4230769230769231,0.7568627450980392,1.7889483065953653,0.0,0.5490196078431373,0.5490196078431373,delta_x_rho
1,0.15,0.631578947368421,0.8,0.99,0.458,197,244,441,305,0.7796999895482575,0.897955946337926,0.6003378858215036,0.9080000000013018,0.7580000000032129,0.29761806051642237,0.11825595678966849,0.5,0.821917808219178,1.643835616438356,0.047619047619047616,0.6894977168949772,0.6418786692759295,delta_x_rho
2,0.15,0.631578947368421,0.8,0.99,0.458,209,275,484,331,0.7908589455510275,0.8747390755328013,0.637542679337314,0.9079999999991359,0.7580000000014311,0.23719639619548727,0.08388012998177374,0.4857142857142857,0.7857142857142857,1.6176470588235294,0.07142857142857142,0.5967078189300411,0.5252792475014697,delta_x_rho
3,0.15,0.631578947368421,0.8,0.99,0.458,189,248,437,290,0.7827048054919908,0.8927206311547948,0.622651380067493,0.907999999999561,0.7580000000014152,0.27006925108730184,0.11001582566280399,0.4,0.7807017543859649,1.9517543859649122,0.12,0.631578947368421,0.511578947368421,delta_x_rho
4,0.15,0.631578947368421,0.8,0.99,0.458,198,284,482,336,0.7484426568751261,0.8905152462544156,0.6168955208258375,0.9080000000001648,0.7579999999987848,0.27361972542857804,0.14207258937928946,0.36666666666666664,0.8125,2.2159090909090913,0.03333333333333333,0.6294642857142857,0.5961309523809524,delta_x_rho
5,0.15,0.631578947368421,0.8,0.99,0.458,203,264,467,324,0.7965184404178307,0.8945054266574347,0.6521147973057775,0.90799999999946,0.7579999999992693,0.24239062935165723,0.097986986239604,0.4642857142857143,0.7824427480916031,1.6852613035819142,0.03571428571428571,0.6068702290076335,0.5711559432933478,delta_x_rho
6,0.15,0.631578947368421,0.8,0.99,0.458,200,275,475,342,0.7829089543430441,0.863102369244524,0.6833554789336472,0.9079999999995513,0.757999999999896,0.17974689031087676,0.08019341490147991,0.42857142857142855,0.826271186440678,1.9279661016949154,0.0,0.614406779661017,0.614406779661017,delta_x_rho
7,0.15,0.631578947368421,0.8,0.99,0.458,185,303,488,314,0.7794213510080832,0.8781575536460083,0.6782131821429567,0.9080000000005176,0.7580000000022201,0.19994437150305167,0.09873620263792515,0.42028985507246375,0.7786885245901639,1.8527416619559074,0.058823529411764705,0.5901639344262295,0.5313404050144648,delta_x_rho
8,0.15,0.631578947368421,0.8,0.99,0.458,180,295,475,314,0.7832566124792103,0.8892827253482991,0.6567630442007311,0.9080000000003132,0.7579999999998167,0.23251968114756805,0.1060261128690888,0.47368421052631576,0.7841409691629956,1.6554087126774353,0.0,0.5814977973568282,0.5814977973568282,delta_x_rho
9,0.15,0.631578947368421,0.8,0.99,0.458,203,270,473,320,0.758843108296052,0.8483358397537387,0.6263121912868106,0.9079999999997266,0.7580000000007447,0.22202364846692813,0.08949273145768677,0.5454545454545454,0.7219730941704036,1.3236173393124067,0.20689655172413793,0.5695067264573991,0.3626101747332612,delta_x_rho
10,0.15,0.631578947368421,0.8,0.99,0.458,185,274,459,308,0.7905181396229989,0.8692813595122655,0.6994172057597754,0.9079999999992925,0.757999999998267,0.1698641537524901,0.0787632198892666,0.5,0.7379912663755459,1.4759825327510918,0.1,0.5458515283842795,0.44585152838427955,delta_x_rho
11,0.15,0.631578947368421,0.8,0.99,0.458,194,287,481,313,0.7646741833858398,0.8807492726512265,0.6391232477108825,0.9079999999992758,0.7580000000025415,0.24162602494034402,0.11607508926538668,0.425531914893617,0.7955555555555556,1.8695555555555556,0.05,0.6222222222222222,0.5722222222222222,delta_x_rho
12,0.15,0.631578947368421,0.8,0.99,0.458,194,247,441,311,0.7686699930473191,0.8656346663847664,0.6470874235113602,0.9079999999992828,0.7580000000021001,0.2185472428734062,0.0969646733374473,0.4418604651162791,0.8008849557522124,1.812529110386586,0.17391304347826086,0.5973451327433629,0.423432089265102,delta_x_rho
13,0.15,0.631578947368421,0.8,0.99,0.458,197,244,441,306,0.7634350333319699,0.8901400471356056,0.6162865451174752,0.9079999999998561,0.7579999999976542,0.2738535020181304,0.12670501380363564,0.5227272727272727,0.8207547169811321,1.5701394585726007,0.0,0.6745283018867925,0.6745283018867925,delta_x_rho
14,0.15,0.631578947368421,0.8,0.99,0.458,197,261,458,319,0.7729114214536476,0.885650833937636,0.6582537469010592,0.9079999999994776,0.7580000000002641,0.2273970870365768,0.11273941248398844,0.44,0.7982456140350878,1.8141945773524721,0.0,0.618421052631579,0.618421052631579,delta_x_rho
15,0.15,0.631578947368421,0.8,0.99,0.458,200,277,477,309,0.7807299020237025,0.8716629414394278,0.6338882203503142,0.9080000000000417,0.7580000000006891,0.23777472108911357,0.09093303941572528,0.4,0.7662337662337663,1.9155844155844155,0.15,0.6060606060606061,0.45606060606060606,delta_x_rho
16,0.15,0.631578947368421,0.8,0.99,0.458,191,286,477,306,0.7764097462884525,0.9049735888816884,0.5973055303599236,0.9079999999993597,0.7580000000007827,0.3076680585217648,0.12856384259323594,0.4423076923076923,0.7601626016260162,1.7186284906327325,0.0,0.6219512195121951,0.6219512195121951,delta_x_rho
17,0.15,0.631578947368421,0.8,0.99,0.458,216,259,475,335,0.788436074896722,0.8711457968549369,0.6574006119460666,0.9079999999996365,0.7579999999979325,0.2137451849088703,0.08270972195821491,0.4,0.8232931726907631,2.0582329317269075,0.0,0.6224899598393574,0.6224899598393574,delta_x_rho
18,0.15,0.631578947368421,0.8,0.99,0.458,209,265,474,342,0.7620579883971619,0.8753489730528379,0.6448538865144724,0.9080000000007684,0.7580000000009133,0.23049508653836548,0.113290984655676,0.5769230769230769,0.8421052631578947,1.4596491228070176,0.047619047619047616,0.6666666666666666,0.6190476190476191,delta_x_rho
19,0.15,0.631578947368421,0.8,0.99,0.458,191,262,453,311,0.7508367158014669,0.8505522324737871,0.6803386856190226,0.9080000000004745,0.7580000000005632,0.17021354685476453,0.09971551667232015,0.425,0.7990196078431373,1.8800461361014995,0.16666666666666666,0.5833333333333334,0.41666666666666674,delta_x_rho
0,0.2,0.631578947368421,0.0,0.99,0.458,190,328,518,348,0.7083865671671821,0.901646639964397,0.6618441291098545,0.9079999999999299,0.7080000000024507,0.23980251085454252,0.1932600727972149,0.44680851063829785,0.8097560975609757,1.8123112659698029,0.02127659574468085,0.6487804878048781,0.6275038920601972,delta_x_rho
1,0.2,0.631578947368421,0.0,0.99,0.458,197,276,473,315,0.711171057900561,0.897955946337926,0.651974394570415,0.9080000000013018,0.707999999999276,0.24598155176751102,0.18678488843736496,0.3953488372093023,0.8208955223880597,2.0763827919227396,0.023255813953488372,0.7164179104477612,0.6931620964942727,delta_x_rho
2,0.2,0.631578947368421,0.0,0.99,0.458,209,291,500,331,0.7169127516778523,0.8747390755328013,0.6698965229004334,0.9079999999991359,0.707999999998846,0.20484255263236784,0.157826323854949,0.4827586206896552,0.7892156862745098,1.6348039215686274,0.11428571428571428,0.6519607843137255,0.5376750700280112,delta_x_rho
3,0.2,0.631578947368421,0.0,0.99,0.458,189,272,461,298,0.6987351471453538,0.8927206311547948,0.5954693655753294,0.907999999999561,0.7080000000001702,0.29725126557946546,0.19398548400944104,0.46153846153846156,0.7823834196891192,1.6951640759930915,0.0,0.694300518134715,0.694300518134715,delta_x_rho
4,0.2,0.631578947368421,0.0,0.99,0.458,198,303,501,347,0.670227726365451,0.8905152462544156,0.6579673431260652,0.9080000000001648,0.7079999999996006,0.2325479031283504,0.22028751988896456,0.40425531914893614,0.8655913978494624,2.1411997736276174,0.10638297872340426,0.7096774193548387,0.6032944406314344,delta_x_rho
5,0.2,0.631578947368421,0.0,0.99,0.458,203,300,503,340,0.707578726195053,0.8945054266574347,0.5839042271096554,0.90799999999946,0.7079999999968859,0.3106011995477793,0.1869267004623817,0.5,0.8571428571428571,1.7142857142857142,0.07017543859649122,0.7008928571428571,0.6307174185463659,delta_x_rho
6,0.2,0.631578947368421,0.0,0.99,0.458,200,305,505,352,0.6834952749933378,0.863102369244524,0.654453603174115,0.9079999999995513,0.7079999999994653,0.20864876607040894,0.17960709425118615,0.4788732394366197,0.8324873096446701,1.7384293819050465,0.11363636363636363,0.6700507614213198,0.5564143977849562,delta_x_rho
7,0.2,0.631578947368421,0.0,0.99,0.458,185,336,521,338,0.6846547309453876,0.8781575536460083,0.6352360553931236,0.9080000000005176,0.7080000000035764,0.24292149825288478,0.1935028227006207,0.45714285714285713,0.8333333333333334,1.8229166666666667,0.12244897959183673,0.6476190476190476,0.5251700680272109,delta_x_rho
8,0.2,0.631578947368421,0.0,0.99,0.458,180,308,488,318,0.7245308649244253,0.8892827253482991,0.6660098942860804,0.9080000000003132,0.7080000000015478,0.22327283106221874,0.1647518604238738,0.2972972972972973,0.7706422018348624,2.592160133444537,0.0,0.6009174311926605,0.6009174311926605,delta_x_rho
9,0.2,0.631578947368421,0.0,0.99,0.458,203,306,509,330,0.6955771221743065,0.8483358397537387,0.5995819569811344,0.9079999999997266,0.7079999999995632,0.24875388277260435,0.15275871757943227,0.4642857142857143,0.7142857142857143,1.5384615384615385,0.07142857142857142,0.6175115207373272,0.5460829493087558,delta_x_rho
10,0.2,0.631578947368421,0.0,0.99,0.458,185,314,499,335,0.6711958488700828,0.8692813595122655,0.6618023407568308,0.9079999999992925,0.708000000002383,0.20747901875543473,0.19808551064218272,0.5172413793103449,0.7741935483870968,1.496774193548387,0.038461538461538464,0.6021505376344086,0.5636889991728702,delta_x_rho
11,0.2,0.631578947368421,0.0,0.99,0.458,194,326,520,333,0.6634314433610209,0.8807492726512265,0.6460985838130971,0.9079999999992758,0.7080000000035978,0.23465068883812934,0.2173178292902056,0.4155844155844156,0.8274111675126904,1.990958121827411,0.07692307692307693,0.6903553299492385,0.6134322530261616,delta_x_rho
12,0.2,0.631578947368421,0.0,0.99,0.458,194,296,490,332,0.6848883158810519,0.8656346663847664,0.6331926859133772,0.9079999999992828,0.7079999999982172,0.2324419804713892,0.18074635050371446,0.5098039215686274,0.8241206030150754,1.6165442597603403,0.058823529411764705,0.6733668341708543,0.6145433047590896,delta_x_rho
13,0.2,0.631578947368421,0.0,0.99,0.458,197,277,474,318,0.6508884833555802,0.8901400471356056,0.6058597406070331,0.9079999999998561,0.7080000000031771,0.2842803065285725,0.23925156378002532,0.3972602739726027,0.8554913294797688,2.153478174207694,0.018867924528301886,0.7803468208092486,0.7614788962809467,delta_x_rho
14,0.2,0.631578947368421,0.0,0.99,0.458,197,307,504,339,0.6894476880250289,0.885650833937636,0.6668914682448656,0.9079999999994776,0.7079999999988505,0.21875936569277044,0.19620314591260712,0.3673469387755102,0.8078817733990148,2.1992337164750957,0.02040816326530612,0.6403940886699507,0.6199859254046446,delta_x_rho
15,0.2,0.631578947368421,0.0,0.99,0.458,200,295,495,318,0.7085343652799885,0.8716629414394278,0.640594090743642,0.9080000000000417,0.7079999999994862,0.23106885069578575,0.16312857615943932,0.32727272727272727,0.8061224489795918,2.4631519274376417,0.10526315789473684,0.6989795918367347,0.5937164339419979,delta_x_rho
16,0.2,0.631578947368421,0.0,0.99,0.458,191,339,530,335,0.6677029019204321,0.9049735888816884,0.6264190365314909,0.9079999999993597,0.7079999999989419,0.27855455235019755,0.2372706869612563,0.4722222222222222,0.8293838862559242,1.7563423473654867,0.0,0.6919431279620853,0.6919431279620853,delta_x_rho
17,0.2,0.631578947368421,0.0,0.99,0.458,216,293,509,352,0.7131019246916498,0.8711457968549369,0.6280723091029494,0.9079999999996365,0.7079999999983275,0.24307348775198745,0.15804387216328708,0.3617021276595745,0.8272727272727273,2.2871657754010695,0.0,0.6681818181818182,0.6681818181818182,delta_x_rho
18,0.2,0.631578947368421,0.0,0.99,0.458,209,317,526,369,0.6823403827749293,0.8753489730528379,0.6588536396643057,0.9080000000007684,0.7080000000035893,0.21649533338853222,0.19300859027790862,0.559322033898305,0.8341232227488151,1.4913112164297,0.06779661016949153,0.6824644549763034,0.6146678448068118,delta_x_rho
19,0.2,0.631578947368421,0.0,0.99,0.458,191,304,495,329,0.6650688137814812,0.8505522324737871,0.6634111209810744,0.9080000000004745,0.7079999999989625,0.18714111149271273,0.1854834186923059,0.4426229508196721,0.8265895953757225,1.8674801969599657,0.08,0.6705202312138728,0.5905202312138729,delta_x_rho
0,0.2,0.631578947368421,0.4,0.99,0.458,190,319,509,341,0.746172627151114,0.901646639964397,0.6597680428392552,0.9079999999999299,0.7079999999974979,0.24187859712514181,0.155474012813283,0.3939393939393939,0.7619047619047619,1.934065934065934,0.030303030303030304,0.5930735930735931,0.5627705627705628,delta_x_rho
1,0.2,0.631578947368421,0.4,0.99,0.458,197,267,464,316,0.7332545397346942,0.897955946337926,0.6226738466318024,0.9080000000013018,0.7080000000031567,0.2752820997061236,0.16470140660323174,0.45714285714285713,0.825,1.8046875,0.05714285714285714,0.725,0.6678571428571428,delta_x_rho
2,0.2,0.631578947368421,0.4,0.99,0.458,209,283,492,328,0.750663573473781,0.8747390755328013,0.6374778126650722,0.9079999999991359,0.7080000000034397,0.23726126286772908,0.12407550205902029,0.5272727272727272,0.7807017543859649,1.4806412583182094,0.03571428571428571,0.6228070175438597,0.587092731829574,delta_x_rho
3,0.2,0.631578947368421,0.4,0.99,0.458,189,260,449,298,0.73759259342245,0.8927206311547948,0.6070191866011803,0.907999999999561,0.7079999999967053,0.28570144455361457,0.15512803773234485,0.4634146341463415,0.7894736842105263,1.703601108033241,0.02702702702702703,0.6650717703349283,0.6380447433079013,delta_x_rho
4,0.2,0.631578947368421,0.4,0.99,0.458,198,284,482,341,0.7030382782736041,0.8905152462544156,0.6221322360545063,0.9080000000001648,0.7079999999983536,0.2683830101999093,0.18747696798081148,0.4,0.8719211822660099,2.1798029556650245,0.06666666666666667,0.6995073891625616,0.632840722495895,delta_x_rho
5,0.2,0.631578947368421,0.4,0.99,0.458,203,294,497,329,0.7449376672405568,0.8945054266574347,0.5939810361848893,0.90799999999946,0.70799999999643,0.3005243904725454,0.14956775941687794,0.3783783783783784,0.8166666666666667,2.158333333333333,0.02702702702702703,0.6583333333333333,0.6313063063063062,delta_x_rho
6,0.2,0.631578947368421,0.4,0.99,0.458,200,299,499,351,0.7043995110964963,0.863102369244524,0.6552196126157975,0.9079999999995513,0.7080000000017702,0.20788275662872646,0.15870285814802765,0.4594594594594595,0.8391959798994975,1.8264853680165531,0.05405405405405406,0.6633165829145728,0.6092625288605188,delta_x_rho
7,0.2,0.631578947368421,0.4,0.99,0.458,185,325,510,328,0.7129094294697641,0.8781575536460083,0.6173645104895105,0.9080000000005176,0.7080000000014628,0.2607930431564979,0.16524812417624424,0.4423076923076923,0.8063063063063063,1.8229533881707796,0.047619047619047616,0.6306306306306306,0.583011583011583,delta_x_rho
8,0.2,0.631578947368421,0.4,0.99,0.458,180,306,486,314,0.7362563885144898,0.8892827253482991,0.6402606404676685,0.9080000000003132,0.7080000000036888,0.2490220848806306,0.15302633683380928,0.35294117647058826,0.7533632286995515,2.1345291479820627,0.0,0.5829596412556054,0.5829596412556054,delta_x_rho
9,0.2,0.631578947368421,0.4,0.99,0.458,203,290,493,324,0.7166409986727769,0.8483358397537387,0.5965163901514543,0.9079999999997266,0.7079999999968227,0.2518194496022844,0.13169484108096186,0.52,0.7488372093023256,1.4400715563506261,0.08,0.6232558139534884,0.5432558139534884,delta_x_rho
10,0.2,0.631578947368421,0.4,0.99,0.458,185,294,479,326,0.7277205448020113,0.8692813595122655,0.6792991578339221,0.9079999999992925,0.708000000001309,0.18998220167834334,0.14156081471025417,0.46808510638297873,0.7641509433962265,1.6325042881646656,0.05405405405405406,0.589622641509434,0.5355685874553799,delta_x_rho
11,0.2,0.631578947368421,0.4,0.99,0.458,194,310,504,324,0.6891017745259858,0.8807492726512265,0.5997527943339854,0.9079999999992758,0.7080000000016764,0.28099647831724106,0.19164749812524073,0.44776119402985076,0.8009708737864077,1.7888349514563107,0.08695652173913043,0.6504854368932039,0.5635289151540734,delta_x_rho
12,0.2,0.631578947368421,0.4,0.99,0.458,194,280,474,323,0.7179089527568026,0.8656346663847664,0.6153503543281011,0.9079999999992828,0.7080000000033493,0.25028431205666524,0.14772571362796383,0.4,0.822429906542056,2.05607476635514,0.1,0.6261682242990654,0.5261682242990654,delta_x_rho
13,0.2,0.631578947368421,0.4,0.99,0.458,197,263,460,316,0.6992852587363374,0.8901400471356056,0.5769358579268997,0.9079999999998561,0.7080000000026211,0.31320418920870585,0.19085478839926817,0.45161290322580644,0.8412698412698413,1.86281179138322,0.0,0.7407407407407407,0.7407407407407407,delta_x_rho
14,0.2,0.631578947368421,0.4,0.99,0.458,197,288,485,331,0.7097663511914822,0.885650833937636,0.6517937929786465,0.9079999999994776,0.7079999999963514,0.23385704095898951,0.17588448274615376,0.4358974358974359,0.8137254901960784,1.8667820069204153,0.02564102564102564,0.6372549019607843,0.6116138763197586,delta_x_rho
15,0.2,0.631578947368421,0.4,0.99,0.458,200,282,482,311,0.7320234317793508,0.8716629414394278,0.6336509190238766,0.9080000000000417,0.7080000000026058,0.2380120224155512,0.139639509660077,0.3333333333333333,0.8076923076923077,2.4230769230769234,0.10714285714285714,0.6730769230769231,0.565934065934066,delta_x_rho
16,0.2,0.631578947368421,0.4,0.99,0.458,191,319,510,322,0.7009117087416181,0.9049735888816884,0.5973311309835683,0.9079999999993597,0.7079999999991102,0.30764245789812017,0.20406188014007032,0.43548387096774194,0.7822222222222223,1.7962139917695474,0.017543859649122806,0.6488888888888888,0.631345029239766,delta_x_rho
17,0.2,0.631578947368421,0.4,0.99,0.458,216,269,485,343,0.75288258407977,0.8711457968549369,0.6429203418428235,0.9079999999996365,0.7079999999967451,0.22822545501211333,0.11826321277516683,0.4,0.8362831858407079,2.0907079646017697,0.0,0.6592920353982301,0.6592920353982301,delta_x_rho
18,0.2,0.631578947368421,0.4,0.99,0.458,209,293,502,360,0.7058752071816095,0.8753489730528379,0.6141959782996281,0.9080000000007684,0.7079999999993138,0.26115299475320974,0.16947376587122842,0.5897435897435898,0.8309178743961353,1.408947700063012,0.02564102564102564,0.6570048309178744,0.6313638052768488,delta_x_rho
19,0.2,0.631578947368421,0.4,0.99,0.458,191,288,479,320,0.6908214466212167,0.8505522324737871,0.6156626467090636,0.9080000000004745,0.7080000000012868,0.23488958576472352,0.1597307858525704,0.41935483870967744,0.819672131147541,1.9546027742749055,0.10810810810810811,0.639344262295082,0.5312361541869739,delta_x_rho
0,0.2,0.631578947368421,0.8,0.99,0.458,190,297,487,329,0.7829368714789658,0.901646639964397,0.6497152207432582,0.9079999999999299,0.7080000000010152,0.2519314192211388,0.11870976848543113,0.4,0.7647058823529411,1.9117647058823528,0.0,0.5966386554621849,0.5966386554621849,delta_x_rho
1,0.2,0.631578947368421,0.8,0.99,0.458,197,263,460,315,0.7487277605506807,0.897955946337926,0.5664944504881402,0.9080000000013018,0.7079999999978815,0.3314614958497858,0.14922818578724528,0.5285714285714286,0.8411214953271028,1.5913109371053296,0.03333333333333333,0.7149532710280374,0.6816199376947041,delta_x_rho
2,0.2,0.631578947368421,0.8,0.99,0.458,209,283,492,334,0.7634867389805002,0.8747390755328013,0.6048128061524126,0.9079999999991359,0.7079999999961004,0.26992626938038866,0.11125233655230105,0.4418604651162791,0.7974137931034483,1.8046733212341197,0.038461538461538464,0.6336206896551724,0.5951591511936339,delta_x_rho
3,0.2,0.631578947368421,0.8,0.99,0.458,189,259,448,299,0.7571711376858437,0.8927206311547948,0.5692835692835692,0.907999999999561,0.7080000000005047,0.3234370618712257,0.13554949346895118,0.47368421052631576,0.8084112149532711,1.7066458982346835,0.06666666666666667,0.6495327102803738,0.5828660436137072,delta_x_rho
4,0.2,0.631578947368421,0.8,0.99,0.458,198,292,490,343,0.724370302820666,0.8905152462544156,0.5846377366925312,0.9080000000001648,0.7079999999993332,0.3058775095618844,0.16614494343374964,0.5,0.8465116279069768,1.6930232558139535,0.08333333333333333,0.6697674418604651,0.5864341085271317,delta_x_rho
5,0.2,0.631578947368421,0.8,0.99,0.458,203,274,477,327,0.7669137466307278,0.8945054266574347,0.5843296853855993,0.90799999999946,0.708000000001037,0.31017574127183545,0.12759168002670696,0.4117647058823529,0.8192771084337349,1.9896729776247848,0.029411764705882353,0.6465863453815262,0.6171745806756438,delta_x_rho
6,0.2,0.631578947368421,0.8,0.99,0.458,200,272,472,335,0.7417820330357529,0.863102369244524,0.6174042249694336,0.9079999999995513,0.7080000000004711,0.2456981442750904,0.12132033620877114,0.43478260869565216,0.8421052631578947,1.936842105263158,0.0,0.6411483253588517,0.6411483253588517,delta_x_rho
7,0.2,0.631578947368421,0.8,0.99,0.458,185,319,504,328,0.7269664720518315,0.8781575536460083,0.5844130471462697,0.9080000000005176,0.7079999999992228,0.2937445064997386,0.15119108159417682,0.4528301886792453,0.7872340425531915,1.7384751773049645,0.025,0.5914893617021276,0.5664893617021276,delta_x_rho
8,0.2,0.631578947368421,0.8,0.99,0.458,180,292,472,313,0.7643205244317937,0.8892827253482991,0.6195612606571511,0.9080000000003132,0.7079999999981361,0.269721464691148,0.12496220091650545,0.4473684210526316,0.7587719298245614,1.696078431372549,0.0,0.5614035087719298,0.5614035087719298,delta_x_rho
9,0.2,0.631578947368421,0.8,0.99,0.458,203,279,482,326,0.729368254608356,0.8483358397537387,0.584187868097701,0.9079999999997266,0.7080000000021687,0.26414797165603776,0.11896758514538275,0.4722222222222222,0.7652582159624414,1.6205468102734053,0.1388888888888889,0.6197183098591549,0.480829420970266,delta_x_rho
10,0.2,0.631578947368421,0.8,0.99,0.458,185,284,469,315,0.7507432350442906,0.8692813595122655,0.6250564230716393,0.9079999999992925,0.7079999999983092,0.24422493644062615,0.11853812446797485,0.4722222222222222,0.7616822429906542,1.612974161627268,0.03225806451612903,0.5841121495327103,0.5518540850165813,delta_x_rho
11,0.2,0.631578947368421,0.8,0.99,0.458,194,289,483,319,0.7458692791343764,0.8807492726512265,0.5823716275862958,0.9079999999992758,0.7079999999981698,0.2983776450649307,0.1348799935168501,0.38,0.8177570093457944,2.1519921298573537,0.03571428571428571,0.6308411214953271,0.5951268357810414,delta_x_rho
12,0.2,0.631578947368421,0.8,0.99,0.458,194,260,454,315,0.742918330034367,0.8656346663847664,0.6133051835624183,0.9079999999992828,0.7079999999962499,0.25232948282234813,0.12271633635039936,0.4117647058823529,0.8116591928251121,1.9711723254324152,0.08823529411764706,0.6188340807174888,0.5305987865998417,delta_x_rho
13,0.2,0.631578947368421,0.8,0.99,0.458,197,255,452,312,0.7415750874924768,0.8901400471356056,0.5584227458169335,0.9079999999998561,0.7080000000013204,0.33171730131867205,0.14856495964312877,0.39285714285714285,0.8246445497630331,2.09909521757863,0.0,0.7061611374407583,0.7061611374407583,delta_x_rho
14,0.2,0.631578947368421,0.8,0.99,0.458,197,273,470,321,0.7364060184534177,0.885650833937636,0.6014621546044836,0.9079999999994776,0.7080000000014182,0.2841886793331524,0.1492448154842183,0.40625,0.7971698113207547,1.9622641509433962,0.03125,0.6650943396226415,0.6338443396226415,delta_x_rho
15,0.2,0.631578947368421,0.8,0.99,0.458,200,283,483,312,0.7423271475828104,0.8716629414394278,0.5824630648542771,0.9080000000000417,0.707999999997812,0.2891998765851507,0.12933579385661742,0.43478260869565216,0.7981220657276995,1.835680751173709,0.08695652173913043,0.6713615023474179,0.5844049806082874,delta_x_rho
16,0.2,0.631578947368421,0.8,0.99,0.458,191,305,496,316,0.7310093317378803,0.9049735888816884,0.5754190631439732,0.9079999999993597,0.7079999999979125,0.32955452573771526,0.17396425714380814,0.36363636363636365,0.7682403433476395,2.1126609442060085,0.0,0.6351931330472103,0.6351931330472103,delta_x_rho
17,0.2,0.631578947368421,0.8,0.99,0.458,216,252,468,332,0.7673772534107729,0.8711457968549369,0.5953180051578221,0.9079999999996365,0.70800000000338,0.2758277916971148,0.10376854344416397,0.5,0.8362831858407079,1.6725663716814159,0.07692307692307693,0.6814159292035398,0.6044928522804629,delta_x_rho
18,0.2,0.631578947368421,0.8,0.99,0.458,209,286,495,355,0.7245784310665877,0.8753489730528379,0.5980256377745917,0.9080000000007684,0.7079999999996063,0.27732333527824615,0.15077054198625017,0.5517241379310345,0.8288288288288288,1.5022522522522521,0.04878048780487805,0.6666666666666666,0.6178861788617885,delta_x_rho
19,0.2,0.631578947368421,0.8,0.99,0.458,191,277,468,319,0.7262591536334553,0.8505522324737871,0.6189714534028614,0.9080000000004745,0.7079999999999046,0.23158077907092567,0.1242930788403318,0.46153846153846156,0.8219895287958116,1.780977312390925,0.11538461538461539,0.6282722513089005,0.5128876359242851,delta_x_rho
0,0.25,0.631578947368421,0.0,0.99,0.458,190,320,510,340,0.688634166692105,0.901646639964397,0.6096495630609353,0.9079999999999299,0.658000000000972,0.29199707690346166,0.213012473272292,0.449438202247191,0.83,1.84675,0.018867924528301886,0.69,0.6711320754716981,delta_x_rho
1,0.25,0.631578947368421,0.0,0.99,0.458,197,286,483,324,0.6956553526132094,0.897955946337926,0.594564895820126,0.9080000000013018,0.658000000004412,0.3033910505178,0.20230059372471654,0.3902439024390244,0.8208955223880597,2.103544776119403,0.0,0.7263681592039801,0.7263681592039801,delta_x_rho
2,0.25,0.631578947368421,0.0,0.99,0.458,209,291,500,329,0.707695405265875,0.8747390755328013,0.6143532441079544,0.9079999999991359,0.6580000000004836,0.26038583142484684,0.16704367026692624,0.4305555555555556,0.7914691943127962,1.8382510319523007,0.058823529411764705,0.6587677725118484,0.5999442431000837,delta_x_rho
3,0.25,0.631578947368421,0.0,0.99,0.458,189,270,459,294,0.6899555238340702,0.8927206311547948,0.5730280811499086,0.907999999999561,0.6580000000025261,0.3196925500048863,0.2027651073207246,0.4583333333333333,0.8072916666666666,1.7613636363636365,0.02,0.7083333333333334,0.6883333333333334,delta_x_rho
4,0.25,0.631578947368421,0.0,0.99,0.458,198,299,497,343,0.6674780642618597,0.8905152462544156,0.615924300208678,0.9080000000001648,0.6579999999987374,0.2745909460457375,0.22303718199255584,0.42592592592592593,0.8776595744680851,2.06059204440333,0.05555555555555555,0.7287234042553191,0.6731678486997635,delta_x_rho
5,0.25,0.631578947368421,0.0,0.99,0.458,203,303,506,338,0.6942224123567423,0.8945054266574347,0.5640393936300846,0.90799999999946,0.6580000000010245,0.3304660330273501,0.2002830143006924,0.4444444444444444,0.8705357142857143,1.9587053571428572,0.04918032786885246,0.71875,0.6695696721311475,delta_x_rho
6,0.25,0.631578947368421,0.0,0.99,0.458,200,306,506,353,0.6806688459357723,0.863102369244524,0.6222185417260914,0.9079999999995513,0.657999999996915,0.24088382751843262,0.18243352330875173,0.46,0.8629441624365483,1.8759655705142353,0.06,0.6903553299492385,0.6303553299492386,delta_x_rho
7,0.25,0.631578947368421,0.0,0.99,0.458,185,334,519,338,0.6725685675308054,0.8781575536460083,0.5967252371149285,0.9080000000005176,0.6580000000038484,0.2814323165310798,0.20558898611520293,0.4691358024691358,0.8333333333333334,1.7763157894736843,0.10416666666666667,0.6715686274509803,0.5674019607843137,delta_x_rho
8,0.25,0.631578947368421,0.0,0.99,0.458,180,301,481,318,0.6942155699824412,0.8892827253482991,0.6204178954048304,0.9080000000003132,0.6579999999958206,0.2688648299434687,0.19506715536585795,0.4666666666666667,0.8125,1.7410714285714286,0.0,0.640625,0.640625,delta_x_rho
9,0.25,0.631578947368421,0.0,0.99,0.458,203,309,512,336,0.665,0.8483358397537387,0.5341554736355452,0.9079999999997266,0.6580000000010378,0.31418036611819355,0.18333583975373868,0.5,0.7487437185929648,1.4974874371859297,0.1,0.6582914572864321,0.5582914572864321,delta_x_rho
10,0.25,0.631578947368421,0.0,0.99,0.458,185,318,503,339,0.6461880218173893,0.8692813595122655,0.6368213913647413,0.9079999999992925,0.6580000000048122,0.23245996814752423,0.22309333769487616,0.5333333333333333,0.8044692737430168,1.5083798882681565,0.05970149253731343,0.6480446927374302,0.5883432002001168,delta_x_rho
11,0.25,0.631578947368421,0.0,0.99,0.458,194,322,516,334,0.6494558309020253,0.8807492726512265,0.5873324229475941,0.9079999999992758,0.6580000000003864,0.29341684970363235,0.2312934417492012,0.4864864864864865,0.8378378378378378,1.722222222222222,0.06153846153846154,0.7297297297297297,0.6681912681912682,delta_x_rho
12,0.25,0.631578947368421,0.0,0.99,0.458,194,300,494,334,0.6746964604591171,0.8656346663847664,0.569012634534394,0.9079999999992828,0.6579999999995473,0.2966220318503724,0.19093820592564925,0.4835164835164835,0.8350515463917526,1.727038425492034,0.07142857142857142,0.7164948453608248,0.6450662739322534,delta_x_rho
13,0.25,0.631578947368421,0.0,0.99,0.458,197,274,471,317,0.6489374569377939,0.8901400471356056,0.5532445137363287,0.9079999999998561,0.6580000000014022,0.3368955333992769,0.24120259019781165,0.47435897435897434,0.8636363636363636,1.8206388206388207,0.03636363636363636,0.8011363636363636,0.7647727272727273,delta_x_rho
14,0.25,0.631578947368421,0.0,0.99,0.458,197,298,495,331,0.6622101551040789,0.885650833937636,0.5693826068130688,0.9079999999994776,0.6579999999991035,0.31626822712456715,0.22344067883355712,0.41379310344827586,0.8229166666666666,1.9887152777777777,0.017241379310344827,0.71875,0.7015086206896551,delta_x_rho
15,0.25,0.631578947368421,0.0,0.99,0.458,200,296,496,316,0.6864592162337337,0.8716629414394278,0.603076044283424,0.9080000000000417,0.6580000000007941,0.2685868971560038,0.18520372520569406,0.39215686274509803,0.8191489361702128,2.0888297872340424,0.09615384615384616,0.7074468085106383,0.6112929623567922,delta_x_rho
16,0.25,0.631578947368421,0.0,0.99,0.458,191,341,532,334,0.649664515619758,0.9049735888816884,0.6046890040518456,0.9079999999993597,0.6580000000014592,0.3002845848298429,0.2553090732619304,0.43902439024390244,0.8203883495145631,1.8686623516720604,0.0,0.7087378640776699,0.7087378640776699,delta_x_rho
17,0.25,0.631578947368421,0.0,0.99,0.458,216,287,503,352,0.698267478890874,0.8711457968549369,0.5870205007697917,0.9079999999996365,0.6579999999957146,0.28412529608514514,0.17287831796406283,0.42857142857142855,0.8571428571428571,2.0,0.02040816326530612,0.6857142857142857,0.6653061224489796,delta_x_rho
18,0.25,0.631578947368421,0.0,0.99,0.458,209,312,521,369,0.6666479670138123,0.8753489730528379,0.6007858220211161,0.9080000000007684,0.6580000000040305,0.2745631510317218,0.20870100603902553,0.5373134328358209,0.8606965174129353,1.6018518518518519,0.031746031746031744,0.7114427860696517,0.67969675432362,delta_x_rho
19,0.25,0.631578947368421,0.0,0.99,0.458,191,307,498,331,0.6481594247024198,0.8505522324737871,0.5918123289137649,0.9080000000004745,0.6580000000016208,0.2587399035600222,0.20239280777136726,0.4339622641509434,0.8433734939759037,1.9434258774227344,0.05660377358490566,0.6746987951807228,0.6180950215958172,delta_x_rho
0,0.25,0.631578947368421,0.4,0.99,0.458,190,311,501,340,0.7182937843321621,0.901646639964397,0.6050748200960092,0.9079999999999299,0.6579999999990823,0.29657181986838776,0.1833528556322349,0.4523809523809524,0.8076923076923077,1.785425101214575,0.0,0.6634615384615384,0.6634615384615384,delta_x_rho
1,0.25,0.631578947368421,0.4,0.99,0.458,197,268,465,315,0.7186339941983467,0.897955946337926,0.5732179352201647,0.9080000000013018,0.6580000000014721,0.32473801111776124,0.17932195213957924,0.4186046511627907,0.8217821782178217,1.963146314631463,0.046511627906976744,0.7178217821782178,0.6713101542712411,delta_x_rho
2,0.25,0.631578947368421,0.4,0.99,0.458,209,283,492,329,0.7272754822663907,0.8747390755328013,0.5981492235663127,0.9079999999991359,0.657999999999177,0.27658985196648855,0.14746359326641056,0.30612244897959184,0.8027522935779816,2.6223241590214066,0.05555555555555555,0.6605504587155964,0.6049949031600408,delta_x_rho
3,0.25,0.631578947368421,0.4,0.99,0.458,189,271,460,298,0.7099250071474126,0.8927206311547948,0.5787787102247753,0.907999999999561,0.6579999999986473,0.3139419209300195,0.18279562400738225,0.423728813559322,0.8029556650246306,1.8949753694581282,0.025,0.6699507389162561,0.6449507389162561,delta_x_rho
4,0.25,0.631578947368421,0.4,0.99,0.458,198,282,480,336,0.6801322176801228,0.8905152462544156,0.5725214329203074,0.9080000000001648,0.6579999999999551,0.31799381333410814,0.2103830285742928,0.4642857142857143,0.8817204301075269,1.8990901571546732,0.07142857142857142,0.7473118279569892,0.6758832565284179,delta_x_rho
5,0.25,0.631578947368421,0.4,0.99,0.458,203,292,495,327,0.7300845738538839,0.8945054266574347,0.554004214963119,0.90799999999946,0.657999999996454,0.3405012116943157,0.1644208528035508,0.4186046511627907,0.8232758620689655,1.966714559386973,0.023255813953488372,0.6810344827586207,0.6577786688051322,delta_x_rho
6,0.25,0.631578947368421,0.4,0.99,0.458,200,294,494,348,0.6844168102666898,0.863102369244524,0.6102529672625,0.9079999999995513,0.6579999999968656,0.252849401982024,0.17868555897783422,0.5294117647058824,0.8711340206185567,1.645475372279496,0.0784313725490196,0.7010309278350515,0.622599555286032,delta_x_rho
7,0.25,0.631578947368421,0.4,0.99,0.458,185,322,507,329,0.6862443919837303,0.8781575536460083,0.5862340866041144,0.9080000000005176,0.6579999999990439,0.291923467041894,0.191913161662278,0.42857142857142855,0.8252427184466019,1.9255663430420713,0.06521739130434782,0.6699029126213593,0.6046855213170115,delta_x_rho
8,0.25,0.631578947368421,0.4,0.99,0.458,180,298,478,316,0.7126971108562348,0.8892827253482991,0.5903577221997358,0.9080000000003132,0.6579999999958958,0.2989250031485633,0.17658561449206434,0.5,0.7951219512195122,1.5902439024390245,0.0,0.6390243902439025,0.6390243902439025,delta_x_rho
9,0.25,0.631578947368421,0.4,0.99,0.458,203,299,502,336,0.6926670578667243,0.8483358397537387,0.5334479446611875,0.9079999999997266,0.6580000000012581,0.3148878950925512,0.15566878188701438,0.37735849056603776,0.7596153846153846,2.012980769230769,0.07547169811320754,0.6394230769230769,0.5639513788098693,delta_x_rho
10,0.25,0.631578947368421,0.4,0.99,0.458,185,304,489,327,0.6872918792490227,0.8692813595122655,0.6340587756310608,0.9079999999992925,0.6580000000018947,0.23522258388120465,0.1819894802632428,0.5,0.7755102040816326,1.5510204081632653,0.05357142857142857,0.6224489795918368,0.5688775510204082,delta_x_rho
11,0.25,0.631578947368421,0.4,0.99,0.458,194,322,516,332,0.6738476003696395,0.8807492726512265,0.5736913204998311,0.9079999999992758,0.6579999999976511,0.3070579521513954,0.20690167228158696,0.43103448275862066,0.82,1.9024,0.05172413793103448,0.695,0.6432758620689655,delta_x_rho
12,0.25,0.631578947368421,0.4,0.99,0.458,194,288,482,329,0.6862730948414005,0.8656346663847664,0.5401107104079417,0.9079999999992828,0.6580000000014106,0.3255239559768247,0.17936157154336585,0.425531914893617,0.8275862068965517,1.9448275862068964,0.0425531914893617,0.6699507389162561,0.6273975474268945,delta_x_rho
13,0.25,0.631578947368421,0.4,0.99,0.458,197,265,462,316,0.6777609732040111,0.8901400471356056,0.5119427360227944,0.9079999999998561,0.6580000000015795,0.3781973111128112,0.2123790739315945,0.4782608695652174,0.8524590163934426,1.7824143070044707,0.0,0.7486338797814208,0.7486338797814208,delta_x_rho
14,0.25,0.631578947368421,0.4,0.99,0.458,197,299,496,330,0.6852584716890195,0.885650833937636,0.5766399379284237,0.9079999999994776,0.657999999997215,0.3090108960092123,0.20039236224861645,0.42857142857142855,0.8186528497409327,1.9101899827288429,0.02040816326530612,0.6994818652849741,0.679073702019668,delta_x_rho
15,0.25,0.631578947368421,0.4,0.99,0.458,200,292,492,317,0.7089284594645433,0.8716629414394278,0.5859437366286682,0.9080000000000417,0.6580000000029976,0.28571920481075963,0.1627344819748845,0.3620689655172414,0.8341708542713567,2.303900454654223,0.10810810810810811,0.7035175879396985,0.5954094798315904,delta_x_rho
16,0.25,0.631578947368421,0.4,0.99,0.458,191,328,519,326,0.6716654511262334,0.9049735888816884,0.5304314262915033,0.9079999999993597,0.6580000000023248,0.37454216259018513,0.233308137755455,0.4492753623188406,0.8019323671497585,1.7849462365591398,0.0,0.6956521739130435,0.6956521739130435,delta_x_rho
17,0.25,0.631578947368421,0.4,0.99,0.458,216,275,491,348,0.7193627117508785,0.8711457968549369,0.5687023799512236,0.9079999999996365,0.6579999999995114,0.30244341690371324,0.15178308510405836,0.46938775510204084,0.85,1.8108695652173912,0.04081632653061224,0.6909090909090909,0.6500927643784786,delta_x_rho
18,0.25,0.631578947368421,0.4,0.99,0.458,209,301,510,366,0.6880378928945736,0.8753489730528379,0.6052453121306008,0.9080000000007684,0.6579999999991111,0.27010366092223703,0.18731108015826425,0.5230769230769231,0.8262910798122066,1.579674123170395,0.07547169811320754,0.6713615023474179,0.5958898042342103,delta_x_rho
19,0.25,0.631578947368421,0.4,0.99,0.458,191,295,486,326,0.6682117221726538,0.8505522324737871,0.5724176676320245,0.9080000000004745,0.6579999999993198,0.2781345648417626,0.1823405103011333,0.43283582089552236,0.8323699421965318,1.9230615905919874,0.13333333333333333,0.6705202312138728,0.5371868978805395,delta_x_rho
0,0.25,0.631578947368421,0.8,0.99,0.458,190,296,486,330,0.7454750439259807,0.901646639964397,0.5882670386406958,0.9079999999999299,0.6580000000031534,0.31337960132370113,0.15617159603841624,0.3870967741935484,0.813953488372093,2.102713178294574,0.0,0.6511627906976745,0.6511627906976745,delta_x_rho
1,0.25,0.631578947368421,0.8,0.99,0.458,197,266,463,314,0.7353872480475119,0.897955946337926,0.5373931142919481,0.9080000000013018,0.65799999999839,0.36056283204597783,0.1625686982904141,0.45161290322580644,0.8252427184466019,1.8273231622746187,0.0,0.7184466019417476,0.7184466019417476,delta_x_rho
2,0.25,0.631578947368421,0.8,0.99,0.458,209,287,496,339,0.7457007944026192,0.8747390755328013,0.5698322664289766,0.9079999999991359,0.6580000000036527,0.3049068091038247,0.12903828113018212,0.46296296296296297,0.8355555555555556,1.8048000000000002,0.03571428571428571,0.6666666666666666,0.6309523809523809,delta_x_rho
3,0.25,0.631578947368421,0.8,0.99,0.458,189,267,456,295,0.7393229097478679,0.8927206311547948,0.565429158252645,0.907999999999561,0.657999999996307,0.3272914729021499,0.15339772140692698,0.39215686274509803,0.7906976744186046,2.016279069767442,0.02857142857142857,0.6558139534883721,0.6272425249169435,delta_x_rho
4,0.25,0.631578947368421,0.8,0.99,0.458,198,293,491,342,0.6963545253410306,0.8905152462544156,0.5615974097091335,0.9080000000001648,0.6580000000024686,0.32891783654528206,0.194160720913385,0.3953488372093023,0.864321608040201,2.186225243866391,0.023255813953488372,0.7135678391959799,0.6903120252424915,delta_x_rho
5,0.25,0.631578947368421,0.8,0.99,0.458,203,281,484,328,0.7399413066568491,0.8945054266574347,0.5516889059085297,0.90799999999946,0.657999999998397,0.342816520748905,0.15456412000058561,0.44,0.8151260504201681,1.852559205500382,0.075,0.6680672268907563,0.5930672268907563,delta_x_rho
6,0.25,0.631578947368421,0.8,0.99,0.458,200,280,480,338,0.7179728751490376,0.863102369244524,0.5860818597258097,0.9079999999995513,0.6579999999994515,0.27702050951871426,0.14512949409548637,0.38235294117647056,0.8461538461538461,2.21301775147929,0.0,0.6778846153846154,0.6778846153846154,delta_x_rho
7,0.25,0.631578947368421,0.8,0.99,0.458,185,322,507,332,0.6977905182369113,0.8781575536460083,0.5433798804751626,0.9080000000005176,0.6579999999962053,0.3347776731708457,0.18036703540909704,0.47058823529411764,0.8232558139534883,1.7494186046511628,0.1,0.6325581395348837,0.5325581395348837,delta_x_rho
8,0.25,0.631578947368421,0.8,0.99,0.458,180,294,474,312,0.7352035870352578,0.8892827253482991,0.5897686186000298,0.9080000000003132,0.6579999999967073,0.2995141067482693,0.15407913831304132,0.45614035087719296,0.7877358490566038,1.7269593613933238,0.0,0.6132075471698113,0.6132075471698113,delta_x_rho
9,0.25,0.631578947368421,0.8,0.99,0.458,203,285,488,328,0.7165843770239467,0.8483358397537387,0.5520201526120133,0.9079999999997266,0.6580000000036612,0.2963156871417254,0.131751462729792,0.4473684210526316,0.7735849056603774,1.7291897891231967,0.07894736842105263,0.6509433962264151,0.5719960278053624,delta_x_rho
10,0.25,0.631578947368421,0.8,0.99,0.458,185,290,475,318,0.7190804227694618,0.8692813595122655,0.5903056389830236,0.9079999999992925,0.6580000000040366,0.2789757205292419,0.15020093674280366,0.45454545454545453,0.7761904761904762,1.7076190476190478,0.023809523809523808,0.6238095238095238,0.6,delta_x_rho
11,0.25,0.631578947368421,0.8,0.99,0.458,194,295,489,320,0.7055477171279442,0.8807492726512265,0.5143474338888098,0.9079999999992758,0.6580000000036601,0.3664018387624167,0.17520155552328232,0.45652173913043476,0.8341968911917098,1.8272884283246977,0.021739130434782608,0.6839378238341969,0.6621986933994143,delta_x_rho
12,0.25,0.631578947368421,0.8,0.99,0.458,194,282,476,328,0.6976857545669977,0.8656346663847664,0.5250185121192674,0.9079999999992828,0.6580000000014464,0.34061615426549896,0.16794891181776872,0.4423076923076923,0.8148148148148148,1.8421900161030595,0.09090909090909091,0.6388888888888888,0.5479797979797979,delta_x_rho
13,0.25,0.631578947368421,0.8,0.99,0.458,197,257,454,309,0.7133553708726821,0.8901400471356056,0.5042533823581908,0.9079999999998561,0.6580000000016096,0.38588666477741473,0.1767846762629235,0.47619047619047616,0.8481675392670157,1.7811518324607332,0.0,0.7382198952879581,0.7382198952879581,delta_x_rho
14,0.25,0.631578947368421,0.8,0.99,0.458,197,288,485,323,0.7069249619739733,0.885650833937636,0.5530689338710512,0.9079999999994776,0.6579999999984982,0.33258190006658483,0.17872587196366274,0.4166666666666667,0.801980198019802,1.9247524752475247,0.0625,0.6831683168316832,0.6206683168316832,delta_x_rho
15,0.25,0.631578947368421,0.8,0.99,0.458,200,285,485,312,0.7271231198242352,0.8716629414394278,0.5729032152872888,0.9080000000000417,0.6579999999994479,0.29875972615213897,0.14453982161519263,0.45161290322580644,0.7971698113207547,1.7651617250673854,0.06451612903225806,0.6509433962264151,0.586427267194157,delta_x_rho
16,0.25,0.631578947368421,0.8,0.99,0.458,191,315,506,323,0.689938244944662,0.9049735888816884,0.5158027018535972,0.9079999999993597,0.6580000000028852,0.3891708870280912,0.2150353439370264,0.45454545454545453,0.7889908256880734,1.7357798165137617,0.0,0.6834862385321101,0.6834862385321101,delta_x_rho
17,0.25,0.631578947368421,0.8,0.99,0.458,216,263,479,339,0.7408053465148068,0.8711457968549369,0.5377919483981097,0.9079999999996365,0.6579999999968617,0.33335384845682714,0.1303404503401301,0.5,0.8430493273542601,1.6860986547085202,0.0,0.6905829596412556,0.6905829596412556,delta_x_rho
18,0.25,0.631578947368421,0.8,0.99,0.458,209,291,500,355,0.696968508002065,0.8753489730528379,0.5630102196046028,0.9080000000007684,0.6580000000029169,0.31233875344823503,0.17838046505077287,0.5,0.8743961352657005,1.748792270531401,0.07547169811320754,0.7198067632850241,0.6443350651718166,delta_x_rho
19,0.25,0.631578947368421,0.8,0.99,0.458,191,286,477,322,0.7006118170538655,0.8505522324737871,0.6066376673071234,0.9080000000004745,0.6579999999975087,0.24391456516666365,0.14994041541992154,0.39473684210526316,0.8548387096774194,2.1655913978494623,0.10526315789473684,0.6666666666666666,0.5614035087719298,delta_x_rho
0,0.0,0.2,0.8,0.99,0.458,413,69,482,448,0.8762180174252635,0.8964352706983509,0.7704599980415199,0.908000000000003,0.9079999999992501,0.12597527265683106,0.020217253273087432,0.7333333333333333,1.0,1.3636363636363638,0.0,0.919732441471572,0.919732441471572,delta_x_wB
1,0.0,0.2,0.8,0.99,0.458,448,37,485,462,0.8841135710664187,0.8945786647992531,0.6642567567567568,0.9079999999996685,0.9079999999990044,0.2303219080424963,0.01046509373283433,0.0,0.9770491803278688,,0.0,0.9639344262295082,0.9639344262295082,delta_x_wB
2,0.0,0.2,0.8,0.99,0.458,408,58,466,422,0.8650267940937586,0.8735069434377989,0.6647533736284443,0.9080000000005454,0.9079999999997722,0.20875356980935456,0.008480149344040289,0.7666666666666667,0.9539007092198581,1.244218316373728,,0.9574468085106383,,delta_x_wB
3,0.0,0.2,0.8,0.99,0.458,412,40,452,419,0.8973964022201913,0.9011003236245956,0.8029724655819774,0.9079999999989933,0.907999999999479,0.09812785804261814,0.0037039214044042312,0.6923076923076923,1.0,1.4444444444444444,1.0,0.9326599326599326,-0.06734006734006737,delta_x_wB
4,0.0,0.2,0.8,0.99,0.458,435,45,480,456,0.882556208482371,0.8813301640887848,0.7750278706800445,0.9079999999998429,0.9080000000005173,0.10630229340874031,-0.0012260443935862009,0.8571428571428571,1.0,1.1666666666666667,1.0,0.9249146757679181,-0.07508532423208192,delta_x_wB
5,0.0,0.2,0.8,0.99,0.458,459,38,497,463,0.8972463647866581,0.902722981114702,0.6103639674425747,0.9080000000007906,0.9080000000004758,0.29235901367212724,0.0054766163280438596,0.75,0.9520958083832335,1.2694610778443114,0.5,0.9550898203592815,0.45508982035928147,delta_x_wB
6,0.0,0.2,0.8,0.99,0.458,430,63,493,456,0.8773925491865541,0.8863616875818356,0.786663724742916,0.9079999999995632,0.9080000000005055,0.09969796283891963,0.008969138395281573,0.8571428571428571,0.9446254071661238,1.1020629750271445,,0.9283387622149837,,delta_x_wB
7,0.0,0.2,0.8,0.99,0.458,425,63,488,443,0.8790584074220491,0.882442989124079,0.7349527286342787,0.9080000000002572,0.9079999999999339,0.1474902604898003,0.003384581702029932,0.6981132075471698,1.0,1.4324324324324325,1.0,0.912621359223301,-0.08737864077669899,delta_x_wB
8,0.0,0.2,0.8,0.99,0.458,397,54,451,425,0.8757689636770029,0.8786128809206303,0.8113489066069847,0.9080000000004474,0.9080000000010106,0.06726397431364561,0.002843917243627425,0.75,0.959349593495935,1.2791327913279134,0.75,0.910394265232975,0.16039426523297495,delta_x_wB
9,0.0,0.2,0.8,0.99,0.458,426,30,456,432,0.8476558002780804,0.8554651295807333,0.6448414347043346,0.9079999999992889,0.9080000000012892,0.21062369487639865,0.007809329302652879,0.7777777777777778,0.967032967032967,1.2433281004709575,0.8888888888888888,0.967032967032967,0.0781440781440782,delta_x_wB
10,0.0,0.2,0.8,0.99,0.458,450,52,502,471,0.8831351596199182,0.8917239836716435,0.7878164812127076,0.9080000000006698,0.9079999999990027,0.10390750245893587,0.008588824051725341,0.7333333333333333,1.0,1.3636363636363638,0.3333333333333333,0.9424920127795527,0.6091586794462194,delta_x_wB
11,0.0,0.2,0.8,0.99,0.458,429,35,464,436,0.8747924567873184,0.8819709506960504,0.5943261567741168,0.9080000000005563,0.907999999999048,0.28764479392193354,0.007178493908731931,0.5882352941176471,1.0,1.7,1.0,0.9590443686006825,-0.04095563139931746,delta_x_wB
12,0.0,0.2,0.8,0.99,0.458,429,36,465,442,0.88808261903204,0.8919508446400876,0.7067425609699662,0.908000000000723,0.9080000000000931,0.18520828367012132,0.0038682256080475597,0.9215686274509803,1.0,1.0851063829787235,0.8333333333333334,0.9444444444444444,0.11111111111111105,delta_x_wB
13,0.0,0.2,0.8,0.99,0.458,435,57,492,455,0.8802808953539406,0.8912133843168326,0.6560076662243846,0.9079999999999512,0.9079999999992483,0.23520571809244806,0.010932488962892006,0.5833333333333334,0.9590443686006825,1.644076060458313,0.3333333333333333,0.9385665529010239,0.6052332195676906,delta_x_wB
14,0.0,0.2,0.8,0.99,0.458,424,38,462,438,0.8837273275247959,0.8821129638481944,0.6236809196814462,0.9080000000004843,0.9080000000013558,0.25843204416674814,-0.0016143636766015046,0.8235294117647058,1.0,1.2142857142857144,0.6,0.9295302013422819,0.32953020134228195,delta_x_wB
15,0.0,0.2,0.8,0.99,0.458,405,43,448,420,0.8842798337283633,0.8932791387187712,0.6817625458996327,0.9079999999999053,0.9080000000004703,0.21151659281913848,0.008999304990407908,0.8780487804878049,1.0,1.1388888888888888,0.8333333333333334,0.9482758620689655,0.11494252873563215,delta_x_wB
16,0.0,0.2,0.8,0.99,0.458,426,45,471,450,0.8862034631193129,0.8899106557128282,0.6782144184318097,0.9079999999989995,0.9079999999996012,0.2116962372810185,0.0037071925935153738,0.875,0.9745222929936306,1.113739763421292,0.625,0.9490445859872612,0.32404458598726116,delta_x_wB
17,0.0,0.2,0.8,0.99,0.458,439,45,484,461,0.8674893044394512,0.8723108073905339,0.7074507617985879,0.9080000000002787,0.9080000000008914,0.164860045591946,0.004821502951082746,0.9090909090909091,1.0,1.1,0.8181818181818182,0.9292604501607717,0.11107863197895351,delta_x_wB
18,0.0,0.2,0.8,0.99,0.458,463,43,506,479,0.8590339028499027,0.8652296266146733,0.7201919527500923,0.9079999999998634,0.9079999999993956,0.145037673864581,0.006195723764770622,0.875,0.9605263157894737,1.0977443609022557,0.625,0.9539473684210527,0.32894736842105265,delta_x_wB
19,0.0,0.2,0.8,0.99,0.458,409,50,459,428,0.8528872058878602,0.8609057546428244,0.8017343946376205,0.9080000000000296,0.9080000000001377,0.059171360005203844,0.008018548754964216,0.8235294117647058,1.0,1.2142857142857144,1.0,0.933579335793358,-0.06642066420664205,delta_x_wB
0,0.0,0.4,0.8,0.99,0.458,311,161,472,391,0.8779369905550525,0.8928077726993614,0.8254974947876301,0.9080000000005348,0.9079999999997665,0.06731027791173128,0.014870782144308925,0.7446808510638298,0.8506944444444444,1.1423611111111112,,0.7291666666666666,,delta_x_wB
1,0.0,0.4,0.8,0.99,0.458,328,110,438,374,0.862528296111526,0.8824737767292326,0.7436457397351252,0.9079999999989844,0.9079999999989339,0.1388280369941074,0.019945480617706512,0.7333333333333333,0.9049429657794676,1.2340131351538195,0.25,0.8555133079847909,0.6055133079847909,delta_x_wB
2,0.0,0.4,0.8,0.99,0.458,326,131,457,377,0.8560053488937515,0.8796517220635118,0.7043192998020431,0.9079999999990862,0.9080000000003766,0.17533242226146872,0.02364637316976037,0.6,1.0,1.6666666666666667,0.0,0.8175182481751825,0.8175182481751825,delta_x_wB
3,0.0,0.4,0.8,0.99,0.458,299,120,419,340,0.8945398336215115,0.8947755380423051,0.8159941015681198,0.9080000000009633,0.9079999999991163,0.07878143647418534,0.00023570442079368092,0.3333333333333333,0.8591065292096219,2.577319587628866,0.3333333333333333,0.7663230240549829,0.43298969072164956,delta_x_wB
4,0.0,0.4,0.8,0.99,0.458,327,118,445,381,0.8759329452642028,0.8935316028233112,0.7791640172195788,0.9080000000003876,0.9079999999996828,0.11436758560373239,0.017598657559108388,0.5,0.9230769230769231,1.8461538461538463,0.3333333333333333,0.7887323943661971,0.4553990610328638,delta_x_wB
5,0.0,0.4,0.8,0.99,0.458,337,119,456,385,0.8879387071920082,0.8967302529320333,0.7743237070496879,0.9079999999987965,0.9079999999985924,0.12240654588234545,0.008791545740025164,0.5,0.8770226537216829,1.7540453074433657,0.5,0.7928802588996764,0.2928802588996764,delta_x_wB
6,0.0,0.4,0.8,0.99,0.458,327,152,479,403,0.8612437385513315,0.878649796367958,0.810082920649545,0.9079999999994054,0.9079999999999461,0.06856687571841302,0.01740605781662652,0.7456140350877193,0.9166666666666666,1.2294117647058824,,0.7854671280276817,,delta_x_wB
7,0.0,0.4,0.8,0.99,0.458,312,143,455,366,0.8921380335103846,0.8907511312217194,0.8084726955694697,0.9080000000001073,0.9080000000008369,0.08227843565224979,-0.001386902288665115,0.5526315789473685,1.0,1.8095238095238093,0.5,0.7387096774193549,0.2387096774193549,delta_x_wB
8,0.0,0.4,0.8,0.99,0.458,297,141,438,355,0.8593543347015974,0.8837172346518141,0.8038525218078927,0.9079999999999422,0.9079999999998429,0.07986471284392138,0.024362899950216677,0.25,0.8467432950191571,3.3869731800766285,0.0,0.7586206896551724,0.7586206896551724,delta_x_wB
9,0.0,0.4,0.8,0.99,0.458,324,109,433,362,0.8584090479548986,0.8567056960731042,0.7209558939436931,0.9080000000000296,0.9080000000003166,0.13574980212941112,-0.0017033518817943794,0.75,0.862453531598513,1.1499380421313508,0.625,0.7806691449814126,0.1556691449814126,delta_x_wB
10,0.0,0.4,0.8,0.99,0.458,333,132,465,389,0.8693668346092609,0.8842787654574726,0.8240057845263918,0.9079999999994233,0.9079999999996523,0.0602729809310808,0.01491193084821174,0.6136363636363636,1.0,1.6296296296296295,0.5,0.7934782608695652,0.2934782608695652,delta_x_wB
11,0.0,0.4,0.8,0.99,0.458,309,131,440,369,0.8573052760959622,0.8806938462661509,0.761485139993247,0.9080000000001728,0.908000000000594,0.11920870627290392,0.023388570170188694,0.5833333333333334,0.8875968992248062,1.521594684385382,0.25,0.7945736434108527,0.5445736434108527,delta_x_wB
12,0.0,0.4,0.8,0.99,0.458,330,97,427,377,0.8843522434665082,0.8788928679294128,0.8240593884923781,0.9079999999998285,0.907999999999581,0.05483347943703465,-0.005459375537095412,0.7692307692307693,1.0,1.2999999999999998,0.8,0.8,0.0,delta_x_wB
13,0.0,0.4,0.8,0.99,0.458,338,125,463,391,0.8648029130313952,0.8913359700730976,0.7490899653979238,0.9080000000004391,0.9079999999997858,0.1422460046751738,0.02653305704170239,0.3333333333333333,0.9021739130434783,2.706521739130435,0.0,0.8405797101449275,0.8405797101449275,delta_x_wB
14,0.0,0.4,0.8,0.99,0.458,315,119,434,372,0.8686463392468902,0.8819203207516119,0.7842025507355662,0.9080000000007358,0.9080000000011427,0.09771777001604565,0.013273981504721699,0.7352941176470589,0.8892988929889298,1.2094464944649446,0.5,0.7675276752767528,0.2675276752767528,delta_x_wB
15,0.0,0.4,0.8,0.99,0.458,299,123,422,346,0.881785894887867,0.8947552020924128,0.7446929611906319,0.9079999999999451,0.9080000000008864,0.15006224090178089,0.01296930720454581,0.5714285714285714,1.0,1.75,1.0,0.7841726618705036,-0.2158273381294964,delta_x_wB
16,0.0,0.4,0.8,0.99,0.458,315,115,430,355,0.8834938181481096,0.8899974567269572,0.7395610980039697,0.9080000000011591,0.9079999999994898,0.15043635872298744,0.006503638578847615,0.625,0.8625429553264605,1.3800687285223368,0.5,0.8109965635738832,0.31099656357388317,delta_x_wB
17,0.0,0.4,0.8,0.99,0.458,334,106,440,385,0.8681852323940457,0.8659072724735979,0.767789352695013,0.908000000000664,0.908000000000256,0.09811791977858486,-0.0022779599204477696,0.75,0.925,1.2333333333333334,0.7142857142857143,0.8127208480565371,0.0984351337708228,delta_x_wB
18,0.0,0.4,0.8,0.99,0.458,343,106,449,391,0.8574923931114526,0.8726306732271296,0.7683923815999286,0.908000000000204,0.9079999999999209,0.104238291627201,0.015138280115676972,0.7142857142857143,0.9163636363636364,1.282909090909091,0.42857142857142855,0.8472727272727273,0.41870129870129874,delta_x_wB
19,0.0,0.4,0.8,0.99,0.458,304,121,425,355,0.8524348029470238,0.8638669899079626,0.7935775560598924,0.9080000000004662,0.907999999999468,0.07028943384807018,0.01143218696093884,0.5,0.8685258964143426,1.7370517928286853,0.5,0.7848605577689243,0.28486055776892427,delta_x_wB
0,0.0,0.8,0.8,0.99,0.458,98,405,503,295,0.896139193792776,0.894525830853932,0.8638439292310682,0.9080000000005368,0.9080000000005323,0.030681901622863772,-0.001613362938843954,0.5303030303030303,0.6666666666666666,1.2571428571428571,0.0,0.22468354430379747,0.22468354430379747,delta_x_wB
1,0.0,0.8,0.8,0.99,0.458,113,345,458,262,0.8727302616336159,0.9028376464137206,0.8255992462659684,0.9079999999991772,0.9079999999991598,0.07723840014775218,0.030107384780104662,0.3333333333333333,0.6666666666666666,2.0,0.0,0.31338028169014087,0.31338028169014087,delta_x_wB
2,0.0,0.8,0.8,0.99,0.458,114,364,478,276,0.8676572668576104,0.8765095044973605,0.8254732484110198,0.907999999999686,0.907999999999925,0.05103625608634077,0.008852237639750182,0.5106382978723404,0.6,1.175,0.2,0.2711864406779661,0.07118644067796609,delta_x_wB
3,0.0,0.8,0.8,0.99,0.458,103,342,445,243,0.8724944722711068,0.8960116804352709,0.8386062610783124,0.9079999999988694,0.9079999999997536,0.05740541935695853,0.02351720816416414,0.425531914893617,0.6105263157894737,1.434736842105263,,0.28421052631578947,,delta_x_wB
4,0.0,0.8,0.8,0.99,0.458,95,373,468,250,0.8615256562183936,0.8809115016405231,0.836316946193653,0.9080000000011993,0.9079999999995102,0.04459455544687008,0.01938584542212951,0.375,0.5555555555555556,1.4814814814814816,0.1111111111111111,0.254416961130742,0.14330585001963092,delta_x_wB
5,0.0,0.8,0.8,0.99,0.458,116,360,476,286,0.8766107156784183,0.8947874727005304,0.8368961643395925,0.9079999999994658,0.907999999999254,0.05789130836093792,0.018176757022112078,0.35,0.6666666666666666,1.9047619047619049,0.058823529411764705,0.28253968253968254,0.22371615312791782,delta_x_wB
6,0.0,0.8,0.8,0.99,0.458,119,370,489,304,0.8422187509185657,0.8495515548756172,0.837191908890022,0.9080000000008639,0.9079999999997874,0.012359645985595136,0.0073328039570514925,0.578125,0.6842105263157895,1.1834992887624467,0.0,0.27340823970037453,0.27340823970037453,delta_x_wB
7,0.0,0.8,0.8,0.99,0.458,106,424,530,293,0.8833542757071761,0.8900423334385598,0.858457760406415,0.9080000000003879,0.9080000000000735,0.03158457303214479,0.006688057731383701,0.0,0.5873015873015873,,0.0,0.25396825396825395,0.25396825396825395,delta_x_wB
8,0.0,0.8,0.8,0.99,0.458,107,395,502,282,0.8620690365154369,0.8816292968593318,0.8337098153956781,0.9080000000004922,0.9080000000002298,0.04791948146365366,0.01956026034389491,0.42857142857142855,0.5813953488372093,1.356589147286822,0.0,0.23920265780730898,0.23920265780730898,delta_x_wB
9,0.0,0.8,0.8,0.99,0.458,120,338,458,265,0.869264835356395,0.8647928355632283,0.815375594464538,0.9080000000005801,0.9079999999990707,0.04941724109869028,-0.004471999793166703,0.3333333333333333,0.8461538461538461,2.5384615384615388,0.3333333333333333,0.29537366548042704,-0.037959667852906276,delta_x_wB
10,0.0,0.8,0.8,0.99,0.458,117,365,482,290,0.8823465738451252,0.898227969348659,0.8638454011741683,0.9079999999990785,0.907999999999996,0.0343825681744907,0.015881395503533846,0.3953488372093023,0.6575342465753424,1.6631748589846898,,0.2910958904109589,,delta_x_wB
11,0.0,0.8,0.8,0.99,0.458,115,387,502,296,0.8511370538517764,0.8604276673032993,0.8267700258397932,0.9080000000006214,0.9080000000007697,0.03365764146350614,0.009290613451522933,0.391304347826087,0.9,2.3,0.3,0.2711267605633803,-0.02887323943661968,delta_x_wB
12,0.0,0.8,0.8,0.99,0.458,109,319,428,266,0.8713464642752474,0.8550632113244427,0.8289315939506425,0.9079999999984527,0.9080000000002089,0.02613161737380021,-0.016283252950804683,0.45454545454545453,1.0,2.2,0.8,0.296028880866426,-0.5039711191335741,delta_x_wB
13,0.0,0.8,0.8,0.99,0.458,96,354,450,254,0.8376357434434939,0.8849761497935354,0.8065819344654466,0.9079999999991563,0.9079999999998468,0.07839421532808888,0.04734040635004155,0.4,0.6666666666666666,1.6666666666666665,0.0,0.2764227642276423,0.2764227642276423,delta_x_wB
14,0.0,0.8,0.8,0.99,0.458,97,367,464,278,0.869062079451911,0.890153317472905,0.8168358146085903,0.9079999999989462,0.9080000000009929,0.07331750286431471,0.021091238020993996,0.3333333333333333,0.6132404181184669,1.8397212543554007,0.0,0.25435540069686413,0.25435540069686413,delta_x_wB
15,0.0,0.8,0.8,0.99,0.458,90,368,458,234,0.8619665880390387,0.887250863987123,0.8117001492004119,0.9079999999988063,0.908000000000775,0.07555071478671116,0.025284275948084356,0.35,0.5661764705882353,1.6176470588235294,0.5,0.2647058823529412,-0.23529411764705882,delta_x_wB
16,0.0,0.8,0.8,0.99,0.458,99,376,475,262,0.8620505391920168,0.8996509146209745,0.8278515903248783,0.9080000000015739,0.9079999999996039,0.07179932429609615,0.037600375428957666,0.4,0.5844594594594594,1.4611486486486485,0.2857142857142857,0.26013513513513514,-0.025579150579150556,delta_x_wB
17,0.0,0.8,0.8,0.99,0.458,123,339,462,282,0.8887884267631104,0.8755999184883809,0.8580471357747653,0.9079999999995283,0.9079999999997591,0.0175527827136156,-0.013188508274729505,0.5,0.6433333333333333,1.2866666666666666,0.25,0.29333333333333333,0.043333333333333335,delta_x_wB
18,0.0,0.8,0.8,0.99,0.458,110,358,468,275,0.843285671497962,0.8770129312028753,0.8159407321418494,0.908000000000611,0.9079999999996629,0.0610721990610259,0.033727259704913304,0.34782608695652173,0.6353383458646616,1.8265977443609023,0.4,0.30451127819548873,-0.09548872180451129,delta_x_wB
19,0.0,0.8,0.8,0.99,0.458,100,356,456,274,0.8627288185127128,0.8405049208386821,0.8483240555264593,0.9080000000008588,0.9080000000005803,-0.007819134687777174,-0.022223897674030657,0.0,0.631578947368421,,0.0,0.23333333333333334,0.23333333333333334,delta_x_wB
0,0.1,0.2,0.8,0.99,0.458,413,85,498,455,0.8692241891754744,0.8964352706983509,0.6475890356142456,0.908000000000003,0.8079999999998849,0.2488462350841053,0.027211081522876546,0.8,1.0,1.25,0.0,0.9324324324324325,0.9324324324324325,delta_x_wB
1,0.1,0.2,0.8,0.99,0.458,448,52,500,465,0.8728033040784717,0.8945786647992531,0.6076923076923078,0.9079999999996685,0.8079999999971816,0.2868863571069453,0.021775360720781345,0.0,0.9797297297297297,,0.0,0.972972972972973,0.972972972972973,delta_x_wB
2,0.1,0.2,0.8,0.99,0.458,408,69,477,426,0.8462638514525306,0.8735069434377989,0.5598254504504505,0.9080000000005454,0.8080000000032481,0.3136814929873484,0.02724309198526831,0.75,0.9633699633699634,1.2844932844932846,0.2,0.967032967032967,0.767032967032967,delta_x_wB
3,0.1,0.2,0.8,0.99,0.458,412,61,473,424,0.8777767252403732,0.9011003236245956,0.6396478445658773,0.9079999999989933,0.8079999999977878,0.26145247905871827,0.023323598384222377,0.6,0.93,1.55,0.2,0.93,0.73,delta_x_wB
4,0.1,0.2,0.8,0.99,0.458,435,56,491,463,0.8647745754516551,0.8813301640887848,0.5804358912821743,0.9079999999998429,0.8080000000008247,0.3008942728066105,0.016555588637129692,0.6923076923076923,0.9666666666666667,1.3962962962962964,0.23076923076923078,0.9366666666666666,0.7058974358974359,delta_x_wB
5,0.1,0.2,0.8,0.99,0.458,459,46,505,471,0.8862001106942993,0.902722981114702,0.4709872165548342,0.9080000000007906,0.8079999999973683,0.43173576455986773,0.01652287042040268,0.625,0.9669669669669669,1.5471471471471472,0.5,0.963963963963964,0.463963963963964,delta_x_wB
6,0.1,0.2,0.8,0.99,0.458,430,73,503,463,0.8687523257559092,0.8863616875818356,0.6155517696961268,0.9079999999995632,0.8079999999983825,0.27080991788570885,0.01760936182592643,0.8333333333333334,1.0,1.2,0.0,0.9471947194719472,0.9471947194719472,delta_x_wB
7,0.1,0.2,0.8,0.99,0.458,425,72,497,448,0.8694196104461822,0.882442989124079,0.6753053793751469,0.9080000000002572,0.8079999999992368,0.20713760974893214,0.013023378677896824,0.6724137931034483,1.0,1.4871794871794872,1.0,0.9273927392739274,-0.0726072607260726,delta_x_wB
8,0.1,0.2,0.8,0.99,0.458,397,68,465,427,0.8601114528124932,0.8786128809206303,0.6719017704169047,0.9080000000004474,0.8079999999974335,0.2067111105037256,0.01850142810813704,0.6,0.9413919413919414,1.568986568986569,0.4,0.9194139194139194,0.5194139194139193,delta_x_wB
9,0.1,0.2,0.8,0.99,0.458,426,39,465,439,0.8359953325045257,0.8554651295807333,0.5770513889779945,0.9079999999992889,0.8079999999986556,0.2784137406027388,0.01946979707620755,0.7142857142857143,0.9700374531835206,1.358052434456929,0.7142857142857143,0.9700374531835206,0.25575173889780634,delta_x_wB
10,0.1,0.2,0.8,0.99,0.458,450,56,506,472,0.8743600870343041,0.8917239836716435,0.7063208735825284,0.9080000000006698,0.8079999999977375,0.18540311008911514,0.017363896637339393,0.7333333333333333,1.0,1.3636363636363638,0.3333333333333333,0.9641693811074918,0.6308360477741586,delta_x_wB
11,0.1,0.2,0.8,0.99,0.458,429,49,478,445,0.8610479259975949,0.8819709506960504,0.4343315215533449,0.9080000000005563,0.8080000000005508,0.44763942914270544,0.020923024698455417,0.6923076923076923,0.9619377162629758,1.3894655901576316,0.1111111111111111,0.9688581314878892,0.8577470203767781,delta_x_wB
12,0.1,0.2,0.8,0.99,0.458,429,46,475,447,0.8821181393851603,0.8919508446400876,0.5948211590566072,0.908000000000723,0.8080000000019009,0.2971296855834804,0.009832705254927299,0.7142857142857143,0.9622641509433962,1.3471698113207546,0.5714285714285714,0.940251572327044,0.36882300089847264,delta_x_wB
13,0.1,0.2,0.8,0.99,0.458,435,73,508,463,0.8659743737320548,0.8912133843168326,0.5566082562640521,0.9079999999999512,0.8080000000013272,0.33460512805278053,0.025239010584777843,0.25,0.9620689655172414,3.8482758620689657,0.0,0.9586206896551724,0.9586206896551724,delta_x_wB
14,0.1,0.2,0.8,0.99,0.458,424,51,475,442,0.8713707816942968,0.8821129638481944,0.6311161514060779,0.9080000000004843,0.8079999999978383,0.25099681244211647,0.01074218215389755,0.8292682926829268,0.9489795918367347,1.144357743097239,0.3333333333333333,0.935374149659864,0.6020408163265307,delta_x_wB
15,0.1,0.2,0.8,0.99,0.458,405,55,460,421,0.8773449011457852,0.8932791387187712,0.5864819479429052,0.9079999999999053,0.8079999999996826,0.306797190775866,0.015934237572985954,0.7692307692307693,0.9515570934256056,1.2370242214532872,0.6666666666666666,0.9342560553633218,0.26758938869665516,delta_x_wB
16,0.1,0.2,0.8,0.99,0.458,426,58,484,452,0.8682150368367376,0.8899106557128282,0.6089489933469583,0.9079999999989995,0.8079999999971239,0.28096166236586995,0.021695618876090617,0.6666666666666666,0.97,1.455,0.5,0.95,0.44999999999999996,delta_x_wB
17,0.1,0.2,0.8,0.99,0.458,439,54,493,463,0.8632876735198124,0.8723108073905339,0.6401594628619387,0.9080000000002787,0.8080000000030044,0.2321513445285952,0.009023133870721511,0.88,0.9580645161290322,1.0887096774193548,0.7272727272727273,0.9354838709677419,0.2082111436950146,delta_x_wB
18,0.1,0.2,0.8,0.99,0.458,463,52,515,484,0.8489690148813431,0.8652296266146733,0.6900096758587324,0.9079999999998634,0.8079999999991998,0.17521995075594088,0.016260611733330155,0.8181818181818182,0.9668874172185431,1.1817512877115526,0.45454545454545453,0.9536423841059603,0.4990969295605057,delta_x_wB
19,0.1,0.2,0.8,0.99,0.458,409,65,474,436,0.83471006876154,0.8609057546428244,0.720943053573745,0.9080000000000296,0.8079999999982059,0.13996270106907938,0.026195685881284403,0.5555555555555556,0.9583333333333334,1.725,0.4444444444444444,0.9431818181818182,0.4987373737373738,delta_x_wB
0,0.1,0.4,0.8,0.99,0.458,311,161,472,397,0.8461702678224868,0.8928077726993614,0.6930814657948455,0.9080000000005348,0.8080000000016143,0.19972630690451587,0.04663750487687457,0.6792452830188679,0.8851851851851852,1.3031893004115227,0.1,0.7888888888888889,0.6888888888888889,delta_x_wB
1,0.1,0.4,0.8,0.99,0.458,328,131,459,383,0.8350901308731559,0.8824737767292326,0.6060128572658117,0.9079999999989844,0.8079999999999633,0.2764609194634209,0.047383645856076684,0.5555555555555556,0.9053030303030303,1.6295454545454544,0.1111111111111111,0.8598484848484849,0.7487373737373737,delta_x_wB
2,0.1,0.4,0.8,0.99,0.458,326,144,470,380,0.8328472995922076,0.8796517220635118,0.6200301642680622,0.9079999999990862,0.807999999998157,0.2596215577954496,0.04680442247130423,0.6666666666666666,0.9056603773584906,1.358490566037736,0.14285714285714285,0.8415094339622642,0.6986522911051214,delta_x_wB
3,0.1,0.4,0.8,0.99,0.458,299,129,428,338,0.8522303838334969,0.8947755380423051,0.6664886542259482,0.9080000000009633,0.8080000000018807,0.22828688381635698,0.04254515420880822,0.45454545454545453,0.8703703703703703,1.9148148148148147,0.09090909090909091,0.8222222222222222,0.7313131313131312,delta_x_wB
4,0.1,0.4,0.8,0.99,0.458,327,143,470,396,0.8354563056387847,0.8935316028233112,0.6655916010754721,0.9080000000003876,0.8079999999983397,0.22794000174783913,0.05807529718452653,0.6,0.9176029962546817,1.5293383270911363,0.2,0.8314606741573034,0.6314606741573034,delta_x_wB
5,0.1,0.4,0.8,0.99,0.458,337,139,476,388,0.8583941480722836,0.8967302529320333,0.63776133140485,0.9079999999987965,0.8080000000022609,0.2589689215271833,0.0383361048597497,0.4,0.9003436426116839,2.2508591065292096,0.2,0.8350515463917526,0.6350515463917525,delta_x_wB
6,0.1,0.4,0.8,0.99,0.458,327,156,483,407,0.8329508297466999,0.878649796367958,0.6767331017659821,0.9079999999994054,0.8079999999984772,0.20191669460197592,0.045698966621258164,0.5714285714285714,0.9261992619926199,1.620848708487085,0.14285714285714285,0.8339483394833949,0.6910911966262521,delta_x_wB
7,0.1,0.4,0.8,0.99,0.458,312,167,479,375,0.8405396414474315,0.8907511312217194,0.6683004035980901,0.9080000000001073,0.8080000000021749,0.22245072762362939,0.05021148977428791,0.42857142857142855,0.8790035587188612,2.0510083036773428,0.3076923076923077,0.800711743772242,0.49301943607993426,delta_x_wB
8,0.1,0.4,0.8,0.99,0.458,297,158,455,369,0.8348576751200365,0.8837172346518141,0.6792036258407808,0.9079999999999422,0.8079999999986656,0.2045136088110333,0.04885955953177756,0.5,0.86328125,1.7265625,0.0,0.78125,0.78125,delta_x_wB
9,0.1,0.4,0.8,0.99,0.458,324,132,456,376,0.8297765172648937,0.8567056960731042,0.6579208571616381,0.9080000000000296,0.8079999999988747,0.19878483891146614,0.026929178808210552,0.6666666666666666,0.8825757575757576,1.3238636363636365,0.5833333333333334,0.8068181818181818,0.2234848484848484,delta_x_wB
10,0.1,0.4,0.8,0.99,0.458,333,138,471,397,0.8484501925515073,0.8842787654574726,0.747227843233668,0.9079999999994233,0.8079999999986536,0.13705092222380466,0.035828572905965306,0.4,0.914179104477612,2.2854477611940296,0.0,0.832089552238806,0.832089552238806,delta_x_wB
11,0.1,0.4,0.8,0.99,0.458,309,147,456,369,0.8269027250104057,0.8806938462661509,0.6373971422630187,0.9080000000001728,0.8079999999997466,0.2432967040031322,0.053791121255745145,0.5555555555555556,0.9068825910931174,1.6323886639676113,0.08333333333333333,0.8461538461538461,0.7628205128205128,delta_x_wB
12,0.1,0.4,0.8,0.99,0.458,330,122,452,385,0.849457212277925,0.8788928679294128,0.679853415005488,0.9079999999998285,0.8080000000018747,0.19903945292392478,0.029435655651487758,0.4444444444444444,0.9094202898550725,2.046195652173913,0.2222222222222222,0.8297101449275363,0.607487922705314,delta_x_wB
13,0.1,0.4,0.8,0.99,0.458,338,139,477,398,0.8417244256193044,0.8913359700730976,0.5878242575652273,0.9080000000004391,0.8080000000010252,0.30351171250787035,0.04961154445379323,0.3333333333333333,0.8872180451127819,2.661654135338346,0.0,0.8383458646616542,0.8383458646616542,delta_x_wB
14,0.1,0.4,0.8,0.99,0.458,315,123,438,370,0.8419380923338382,0.8819203207516119,0.678591254365439,0.9080000000007358,0.8080000000021724,0.20332906638617287,0.03998222841777366,0.4444444444444444,0.9019607843137255,2.0294117647058827,0.3333333333333333,0.8274509803921568,0.4941176470588235,delta_x_wB
15,0.1,0.4,0.8,0.99,0.458,299,139,438,355,0.8512326939725571,0.8947552020924128,0.6360613858782426,0.9079999999999451,0.8080000000005423,0.2586938162141702,0.043522508119855696,0.5833333333333334,0.8977272727272727,1.5389610389610389,0.3333333333333333,0.8257575757575758,0.4924242424242425,delta_x_wB
16,0.1,0.4,0.8,0.99,0.458,315,144,459,369,0.8420457274022967,0.8899974567269572,0.6376047875175654,0.9080000000011591,0.8079999999988364,0.25239266920939174,0.04795172932466052,0.4666666666666667,0.8860294117647058,1.8986344537815125,0.3333333333333333,0.8382352941176471,0.5049019607843137,delta_x_wB
17,0.1,0.4,0.8,0.99,0.458,334,124,458,393,0.8470203512426329,0.8659072724735979,0.6959262513423426,0.908000000000664,0.8080000000003011,0.16998102113125524,0.018886921230965026,0.6666666666666666,0.9114391143911439,1.367158671586716,0.5555555555555556,0.8118081180811808,0.2562525625256252,delta_x_wB
18,0.1,0.4,0.8,0.99,0.458,343,148,491,411,0.8200664373941637,0.8726306732271296,0.6697070596153165,0.908000000000204,0.808000000001254,0.2029236136118131,0.05256423583296588,0.5789473684210527,0.92,1.589090909090909,0.3157894736842105,0.8581818181818182,0.5423923444976076,delta_x_wB
19,0.1,0.4,0.8,0.99,0.458,304,154,458,372,0.8027057024521669,0.8638669899079626,0.6774977103492216,0.9080000000004662,0.8079999999986285,0.18636927955874105,0.06116128745579574,0.4666666666666667,0.8865546218487395,1.8997599039615845,0.26666666666666666,0.8109243697478992,0.5442577030812326,delta_x_wB
0,0.1,0.8,0.8,0.99,0.458,98,410,508,295,0.8157994636362523,0.894525830853932,0.7655552480537138,0.9080000000005368,0.8079999999989652,0.12897058280021823,0.07872636721767967,0.375,0.6313868613138686,1.683698296836983,0.0,0.2737226277372263,0.2737226277372263,delta_x_wB
1,0.1,0.8,0.8,0.99,0.458,113,338,451,268,0.7828524728532097,0.9028376464137206,0.6904006134225653,0.9079999999991772,0.8080000000009647,0.21243703299115524,0.11998517356051086,0.3888888888888889,0.6912442396313364,1.7774851876234365,0.1111111111111111,0.4147465437788018,0.3036354326676907,delta_x_wB
2,0.1,0.8,0.8,0.99,0.458,114,371,485,278,0.7845001690045632,0.8765095044973605,0.709617657726299,0.907999999999686,0.8080000000011791,0.1668918467710615,0.09200933549279733,0.43902439024390244,0.6666666666666666,1.5185185185185184,0.08333333333333333,0.351931330472103,0.2685979971387697,delta_x_wB
3,0.1,0.8,0.8,0.99,0.458,103,337,440,244,0.787213775208267,0.8960116804352709,0.7407178182845839,0.9079999999988694,0.8080000000023354,0.15529386215068697,0.10879790522700394,0.42105263157894735,0.618421052631579,1.4687500000000002,0.10526315789473684,0.33771929824561403,0.2324561403508772,delta_x_wB
4,0.1,0.8,0.8,0.99,0.458,95,378,473,270,0.7595126656131724,0.8809115016405231,0.6940108081438825,0.9080000000011993,0.8079999999998995,0.18690069349664062,0.12139883602735069,0.43137254901960786,0.6307692307692307,1.462237762237762,0.0,0.3212669683257919,0.3212669683257919,delta_x_wB
5,0.1,0.8,0.8,0.99,0.458,116,381,497,298,0.799632848638221,0.8947874727005304,0.7289936885321242,0.9079999999994658,0.8079999999980366,0.16579378416840618,0.09515462406230935,0.4857142857142857,0.6579925650557621,1.3546905751148044,0.06896551724137931,0.3420074349442379,0.27304191770285857,delta_x_wB
6,0.1,0.8,0.8,0.99,0.458,119,365,484,300,0.7789118668884065,0.8495515548756172,0.7467445919500715,0.9080000000008639,0.8079999999999955,0.1028069629255457,0.07063968798721065,0.5390070921985816,0.7102803738317757,1.3177570093457944,0.0,0.3691588785046729,0.3691588785046729,delta_x_wB
7,0.1,0.8,0.8,0.99,0.458,106,427,533,288,0.793356930014032,0.8900423334385598,0.744142286226945,0.9080000000003879,0.8079999999988481,0.14590004721161476,0.0966854034245278,0.41935483870967744,0.6230769230769231,1.4857988165680474,0.0,0.3038461538461538,0.3038461538461538,delta_x_wB
8,0.1,0.8,0.8,0.99,0.458,107,400,507,290,0.7964047378156586,0.8816292968593318,0.7416470299459992,0.9080000000004922,0.8079999999988484,0.1399822669133326,0.08522455904367321,0.4666666666666667,0.6363636363636364,1.3636363636363635,0.0,0.29838709677419356,0.29838709677419356,delta_x_wB
9,0.1,0.8,0.8,0.99,0.458,120,354,474,276,0.7787142301351373,0.8647928355632283,0.6950332392165797,0.9080000000005801,0.8079999999989468,0.1697595963466486,0.08607860542809098,0.47368421052631576,0.6206896551724138,1.310344827586207,0.10526315789473684,0.3577586206896552,0.25249546279491836,delta_x_wB
10,0.1,0.8,0.8,0.99,0.458,117,351,468,282,0.8117813285411051,0.898227969348659,0.762352735507098,0.9079999999990785,0.808000000000986,0.13587523384156097,0.08644664080755393,0.3076923076923077,0.6485355648535565,2.1077405857740583,0.0,0.3514644351464435,0.3514644351464435,delta_x_wB
11,0.1,0.8,0.8,0.99,0.458,115,395,510,287,0.7815175473406799,0.8604276673032993,0.7248639333490373,0.9080000000006214,0.8079999999986878,0.13556373395426202,0.07891011996261943,0.40425531914893614,0.6487603305785123,1.604828186167899,0.05555555555555555,0.3347107438016529,0.2791551882460973,delta_x_wB
12,0.1,0.8,0.8,0.99,0.458,109,312,421,260,0.7731084813181011,0.8550632113244427,0.6986636500754148,0.9079999999984527,0.8079999999997506,0.15639956124902799,0.08195473000634168,0.4909090909090909,0.6742081447963801,1.3733869616222558,0.25,0.3665158371040724,0.11651583710407237,delta_x_wB
13,0.1,0.8,0.8,0.99,0.458,96,355,451,256,0.7654892451149176,0.8849761497935354,0.7081557548944,0.9079999999991563,0.8080000000016648,0.17682039489913548,0.11948690467861789,0.45454545454545453,0.580952380952381,1.2780952380952382,0.0,0.319047619047619,0.319047619047619,delta_x_wB
14,0.1,0.8,0.8,0.99,0.458,97,374,471,279,0.7835982401461793,0.890153317472905,0.7232808251313569,0.9079999999989462,0.808000000001382,0.1668724923415481,0.10655507732672576,0.4,0.670995670995671,1.6774891774891776,0.0,0.30735930735930733,0.30735930735930733,delta_x_wB
15,0.1,0.8,0.8,0.99,0.458,90,394,484,246,0.7865278253841305,0.887250863987123,0.701238101627198,0.9079999999988063,0.8079999999996106,0.18601276235992503,0.10072303860299259,0.3684210526315789,0.6666666666666666,1.8095238095238095,0.06666666666666667,0.2833333333333333,0.21666666666666667,delta_x_wB
16,0.1,0.8,0.8,0.99,0.458,99,392,491,273,0.7513464352172611,0.8996509146209745,0.6811224489795918,0.9080000000015739,0.8079999999984706,0.21852846564138262,0.14830447940371339,0.36538461538461536,0.6170212765957447,1.6886898096304592,0.030303030303030304,0.32340425531914896,0.2931012250161187,delta_x_wB
17,0.1,0.8,0.8,0.99,0.458,123,345,468,283,0.8019678955433146,0.8755999184883809,0.7328885748330424,0.9079999999995283,0.8079999999975649,0.14271134365533855,0.07363202294506632,0.3888888888888889,0.7023809523809523,1.8061224489795917,0.0,0.3611111111111111,0.3611111111111111,delta_x_wB
18,0.1,0.8,0.8,0.99,0.458,110,361,471,287,0.7560881050037475,0.8770129312028753,0.6951987894896963,0.908000000000611,0.8079999999978285,0.181814141713179,0.12092482619912781,0.4883720930232558,0.6933962264150944,1.4198113207547172,0.0,0.37735849056603776,0.37735849056603776,delta_x_wB
19,0.1,0.8,0.8,0.99,0.458,100,362,462,273,0.7733793632527809,0.8405049208386821,0.7393836117952473,0.9080000000008588,0.8080000000015815,0.10112130904343486,0.06712555758590122,0.36585365853658536,0.6638655462184874,1.8145658263305322,0.08333333333333333,0.2985781990521327,0.21524486571879936,delta_x_wB
0,0.2,0.2,0.8,0.99,0.458,413,89,502,458,0.8528305383118687,0.8964352706983509,0.6009656796125797,0.908000000000003,0.708000000001631,0.2954695910857712,0.043604732386482215,0.5454545454545454,0.9656357388316151,1.7703321878579612,0.09090909090909091,0.9415807560137457,0.8506716651046548,delta_x_wB
1,0.2,0.2,0.8,0.99,0.458,448,60,508,472,0.8633507222950164,0.8945786647992531,0.4808512130136026,0.9079999999996685,0.7079999999982783,0.41372745178565046,0.03122794250423666,0.5,0.9767441860465116,1.9534883720930232,0.0,0.9700996677740864,0.9700996677740864,delta_x_wB
2,0.2,0.2,0.8,0.99,0.458,408,75,483,431,0.8395021307886779,0.8735069434377989,0.5730002822466836,0.9080000000005454,0.7079999999974008,0.30050666119111524,0.03400481264912103,0.7307692307692307,0.9535714285714286,1.304887218045113,0.0,0.9642857142857143,0.9642857142857143,delta_x_wB
3,0.2,0.2,0.8,0.99,0.458,412,66,478,425,0.8651636797016666,0.9011003236245956,0.5859310098027939,0.9079999999989933,0.7080000000012298,0.3151693138218017,0.035936643922928946,0.47368421052631576,0.9355932203389831,1.9751412429378532,0.25,0.9457627118644067,0.6957627118644067,delta_x_wB
4,0.2,0.2,0.8,0.99,0.458,435,65,500,467,0.8518296334537945,0.8813301640887848,0.5976196653262421,0.9079999999998429,0.7079999999972211,0.28371049876254273,0.029500530634990363,0.6428571428571429,0.9830508474576272,1.5291902071563088,0.3333333333333333,0.9593220338983051,0.6259887005649718,delta_x_wB
5,0.2,0.2,0.8,0.99,0.458,459,53,512,472,0.8720302353896104,0.902722981114702,0.4519279473217678,0.9080000000007906,0.7079999999956651,0.4507950337929342,0.030692745725091508,0.45454545454545453,0.9728915662650602,2.1403614457831326,0.45454545454545453,0.9728915662650602,0.5183461117196058,delta_x_wB
6,0.2,0.2,0.8,0.99,0.458,430,79,509,465,0.8509586774164621,0.8863616875818356,0.5427684907827917,0.9079999999995632,0.7080000000009339,0.343593196799044,0.035403010165373505,0.5714285714285714,0.9594594594594594,1.6790540540540542,0.0,0.9459459459459459,0.9459459459459459,delta_x_wB
7,0.2,0.2,0.8,0.99,0.458,425,91,516,454,0.8433117844791755,0.882442989124079,0.5142960194111089,0.9080000000002572,0.7080000000035283,0.3681469697129701,0.039131204644903494,0.6,0.9566666666666667,1.5944444444444446,0.3333333333333333,0.9333333333333333,0.6000000000000001,delta_x_wB
8,0.2,0.2,0.8,0.99,0.458,397,78,475,432,0.8402553785074308,0.8786128809206303,0.557265681894762,0.9080000000004474,0.707999999998078,0.3213471990258683,0.03835750241319946,0.5,0.9520295202952029,1.9040590405904059,0.1,0.940959409594096,0.840959409594096,delta_x_wB
9,0.2,0.2,0.8,0.99,0.458,426,52,478,442,0.8334903171928295,0.8554651295807333,0.5364618609901629,0.9079999999992889,0.7079999999964395,0.3190032685905704,0.021974812387903775,0.5714285714285714,0.9709090909090909,1.6990909090909092,0.42857142857142855,0.9672727272727273,0.5387012987012987,delta_x_wB
10,0.2,0.2,0.8,0.99,0.458,450,61,511,474,0.8678268132243295,0.8917239836716435,0.6175415355743225,0.9080000000006698,0.7080000000032096,0.27418244809732106,0.023897170447313987,0.3333333333333333,0.9633333333333334,2.89,0.16666666666666666,0.9666666666666667,0.8,delta_x_wB
11,0.2,0.2,0.8,0.99,0.458,429,68,497,448,0.8461884710323799,0.8819709506960504,0.513507809202195,0.9080000000005563,0.7080000000032677,0.3684631414938554,0.03578247966367043,0.4,0.9657534246575342,2.4143835616438354,0.07142857142857142,0.9726027397260274,0.901174168297456,delta_x_wB
12,0.2,0.2,0.8,0.99,0.458,429,57,486,455,0.8722761146019874,0.8919508446400876,0.4981645289694825,0.908000000000723,0.7080000000004627,0.39378631567060507,0.019674730038100163,0.7,0.9644012944983819,1.3777161349976885,0.4,0.9546925566343042,0.5546925566343042,delta_x_wB
13,0.2,0.2,0.8,0.99,0.458,435,81,516,467,0.8550325048727043,0.8912133843168326,0.5013938669852649,0.9079999999999512,0.7079999999996367,0.3898195173315677,0.03618087944412829,0.375,0.9725085910652921,2.593356242840779,0.125,0.9656357388316151,0.8406357388316151,delta_x_wB
14,0.2,0.2,0.8,0.99,0.458,424,61,485,447,0.8595931215142809,0.8821129638481944,0.5240519953634708,0.9080000000004843,0.7079999999958652,0.3580609684847236,0.022519842333913465,0.5555555555555556,0.951048951048951,1.7118881118881117,0.3333333333333333,0.9475524475524476,0.6142191142191142,delta_x_wB
15,0.2,0.2,0.8,0.99,0.458,405,69,474,425,0.8584380662509593,0.8932791387187712,0.5596296024285154,0.9079999999999053,0.7080000000026268,0.33364953629025573,0.03484107246781187,0.5,0.951048951048951,1.902097902097902,0.4,0.9440559440559441,0.544055944055944,delta_x_wB
16,0.2,0.2,0.8,0.99,0.458,426,76,502,458,0.8531970309974573,0.8899106557128282,0.51790053278049,0.9079999999989995,0.7080000000015458,0.37201012293233826,0.036713624715370985,0.4666666666666667,0.9803921568627451,2.100840336134454,0.2,0.9607843137254902,0.7607843137254902,delta_x_wB
17,0.2,0.2,0.8,0.99,0.458,439,59,498,463,0.8477571969155633,0.8723108073905339,0.5121309746119086,0.9080000000002787,0.7080000000008371,0.3601798327786253,0.024553610474970622,0.7058823529411765,0.9634551495016611,1.3648947951273531,0.5294117647058824,0.9534883720930233,0.4240766073871409,delta_x_wB
18,0.2,0.2,0.8,0.99,0.458,463,69,532,491,0.8257760543090008,0.8652296266146733,0.583394535840188,0.9079999999998634,0.7079999999993801,0.2818350907744853,0.03945357230567248,0.6818181818181818,0.9697986577181208,1.4223713646532439,0.36363636363636365,0.9697986577181208,0.6061622940817571,delta_x_wB
19,0.2,0.2,0.8,0.99,0.458,409,70,479,436,0.8211875267890842,0.8609057546428244,0.6544269418794133,0.9080000000000296,0.7080000000019079,0.20647881276341107,0.03971822785374013,0.6071428571428571,0.973384030418251,1.6032207559830016,0.5,0.9619771863117871,0.4619771863117871,delta_x_wB
0,0.2,0.4,0.8,0.99,0.458,311,167,478,397,0.823561889017751,0.8928077726993614,0.6499749399878657,0.9080000000005348,0.7079999999988484,0.2428328327114957,0.06924588368161044,0.35294117647058826,0.8961538461538462,2.539102564102564,0.058823529411764705,0.823076923076923,0.7642533936651583,delta_x_wB
1,0.2,0.4,0.8,0.99,0.458,328,135,463,390,0.810821456471932,0.8824737767292326,0.5547221417768768,0.9079999999989844,0.7079999999984548,0.3277516349523557,0.0716523202573005,0.609375,0.924,1.5163076923076924,0.0625,0.872,0.8095,delta_x_wB
2,0.2,0.4,0.8,0.99,0.458,326,164,490,387,0.8009150655639761,0.8796517220635118,0.5704264268775552,0.9079999999990862,0.7080000000007736,0.30922529518595665,0.07873665649953576,0.6029411764705882,0.9111969111969112,1.511253413692438,0.058823529411764705,0.8571428571428571,0.7983193277310924,delta_x_wB
3,0.2,0.4,0.8,0.99,0.458,299,138,437,346,0.821078947368421,0.8947755380423051,0.553334468042186,0.9080000000009633,0.708000000002783,0.34144107000011914,0.07369659067388412,0.47058823529411764,0.8871595330739299,1.8852140077821011,0.11764705882352941,0.8599221789883269,0.7422751201647975,delta_x_wB
4,0.2,0.4,0.8,0.99,0.458,327,165,492,403,0.7928459464543232,0.8935316028233112,0.5749466495945369,0.9080000000003876,0.7080000000027206,0.31858495322877434,0.10068565636898807,0.4166666666666667,0.9367588932806324,2.2482213438735177,0.125,0.857707509881423,0.732707509881423,delta_x_wB
5,0.2,0.4,0.8,0.99,0.458,337,142,479,393,0.8225714962010147,0.8967302529320333,0.5303599374021909,0.9079999999987965,0.7079999999985291,0.36637031552984245,0.07415875673101868,0.3888888888888889,0.9191176470588235,2.3634453781512605,0.1111111111111111,0.8897058823529411,0.77859477124183,delta_x_wB
6,0.2,0.4,0.8,0.99,0.458,327,153,480,404,0.8082715891670925,0.878649796367958,0.5867930359534357,0.9079999999994054,0.7079999999981991,0.29185676041452235,0.07037820720086552,0.6197183098591549,0.9153846153846154,1.4770979020979023,0.13333333333333333,0.8576923076923076,0.7243589743589743,delta_x_wB
7,0.2,0.4,0.8,0.99,0.458,312,177,489,387,0.8129621697887404,0.8907511312217194,0.6239888005599721,0.9080000000001073,0.708000000000967,0.26676233066174737,0.07778896143297909,0.4107142857142857,0.9172932330827067,2.2334096109839816,0.24,0.8345864661654135,0.5945864661654136,delta_x_wB
8,0.2,0.4,0.8,0.99,0.458,297,173,470,379,0.8050427803437573,0.8837172346518141,0.5997543863232501,0.9079999999999422,0.707999999997451,0.283962848328564,0.07867445430805675,0.5333333333333333,0.8853754940711462,1.6600790513833992,0.0625,0.8102766798418972,0.7477766798418972,delta_x_wB
9,0.2,0.4,0.8,0.99,0.458,324,143,467,380,0.7845052663615908,0.8567056960731042,0.5159125965577579,0.9080000000000296,0.7079999999999744,0.3407930995153463,0.07220042971151341,0.5454545454545454,0.900398406374502,1.650730411686587,0.22727272727272727,0.848605577689243,0.6213328504165158,delta_x_wB
10,0.2,0.4,0.8,0.99,0.458,333,154,487,411,0.8066129626704576,0.8842787654574726,0.6278307763196067,0.9079999999994233,0.7080000000005557,0.25644798913786593,0.07766580278701507,0.5,0.9409448818897638,1.8818897637795275,0.0,0.8818897637795275,0.8818897637795275,delta_x_wB
11,0.2,0.4,0.8,0.99,0.458,309,164,473,376,0.7938732276107352,0.8806938462661509,0.5563320206453274,0.9080000000001728,0.7080000000016673,0.3243618256208235,0.08682061865541568,0.5238095238095238,0.9285714285714286,1.7727272727272727,0.047619047619047616,0.8949579831932774,0.8473389355742298,delta_x_wB
12,0.2,0.4,0.8,0.99,0.458,330,143,473,396,0.8087606515589274,0.8788928679294128,0.5925369312466087,0.9079999999998285,0.7079999999996855,0.2863559366828041,0.07013221637048539,0.6111111111111112,0.9343065693430657,1.5288652952886528,0.16666666666666666,0.8576642335766423,0.6909975669099757,delta_x_wB
13,0.2,0.4,0.8,0.99,0.458,338,147,485,403,0.8162835896569207,0.8913359700730976,0.5109378249116241,0.9080000000004391,0.708000000000892,0.3803981451614735,0.0750523804161769,0.45,0.916030534351145,2.035623409669211,0.0,0.8664122137404581,0.8664122137404581,delta_x_wB
14,0.2,0.4,0.8,0.99,0.458,315,139,454,374,0.7986952976956108,0.8819203207516119,0.5649642166162631,0.9080000000007358,0.7079999999974651,0.3169561041353488,0.0832250230560011,0.3333333333333333,0.9336099585062241,2.8008298755186725,0.08333333333333333,0.8796680497925311,0.7963347164591977,delta_x_wB
15,0.2,0.4,0.8,0.99,0.458,299,162,461,361,0.8197096173606049,0.8947552020924128,0.5592185592185592,0.9079999999999451,0.7079999999980426,0.33553664287385354,0.07504558473180789,0.5172413793103449,0.8957528957528957,1.7317889317889317,0.2222222222222222,0.8455598455598455,0.6233376233376233,delta_x_wB
16,0.2,0.4,0.8,0.99,0.458,315,170,485,383,0.7982497464931552,0.8899974567269572,0.5482186875632477,0.9080000000011591,0.7080000000041624,0.34177876916370953,0.09174771023380202,0.45714285714285713,0.8992537313432836,1.9671175373134329,0.15625,0.8544776119402985,0.6982276119402985,delta_x_wB
17,0.2,0.4,0.8,0.99,0.458,334,148,482,398,0.8141789856841167,0.8659072724735979,0.562083052908741,0.908000000000664,0.7080000000009999,0.30382421956485683,0.05172828678948116,0.5,0.9296296296296296,1.8592592592592592,0.2777777777777778,0.8518518518518519,0.5740740740740741,delta_x_wB
18,0.2,0.4,0.8,0.99,0.458,343,169,512,428,0.7838768262987013,0.8726306732271296,0.5820784154117488,0.908000000000204,0.7079999999963447,0.29055225781538085,0.08875384692842836,0.6333333333333333,0.9360902255639098,1.478037198258805,0.13333333333333333,0.8721804511278195,0.7388471177944862,delta_x_wB
19,0.2,0.4,0.8,0.99,0.458,304,165,469,380,0.7766936224799349,0.8638669899079626,0.6387617370892018,0.9080000000004662,0.7080000000018306,0.22510525281876081,0.08717336742802773,0.43478260869565216,0.9035087719298246,2.078070175438597,0.17391304347826086,0.8421052631578947,0.6681922196796338,delta_x_wB
0,0.2,0.8,0.8,0.99,0.458,98,414,512,290,0.7448579545454546,0.894525830853932,0.6832453356449142,0.9080000000005368,0.7080000000010934,0.21128049520901782,0.14966787630847744,0.42105263157894735,0.6666666666666666,1.5833333333333333,0.0,0.341991341991342,0.341991341991342,delta_x_wB
1,0.2,0.8,0.8,0.99,0.458,113,354,467,265,0.7198795639083033,0.9028376464137206,0.596708354692683,0.9079999999991772,0.7080000000038347,0.30612929172103753,0.18295808250541723,0.42857142857142855,0.6968085106382979,1.625886524822695,0.02857142857142857,0.46808510638297873,0.43951367781155015,delta_x_wB
2,0.2,0.8,0.8,0.99,0.458,114,368,482,272,0.7108626672751006,0.8765095044973605,0.625675079328388,0.907999999999686,0.7079999999999387,0.2508344251689726,0.16564683722225992,0.4431818181818182,0.6544502617801047,1.4767082829910054,0.034482758620689655,0.4083769633507853,0.37389420473009566,delta_x_wB
3,0.2,0.8,0.8,0.99,0.458,103,347,450,245,0.7007616171783257,0.8960116804352709,0.5935096452160005,0.9079999999988694,0.7080000000034242,0.30250203521927044,0.19525006325694516,0.38461538461538464,0.6521739130434783,1.6956521739130435,0.0,0.41304347826086957,0.41304347826086957,delta_x_wB
4,0.2,0.8,0.8,0.99,0.458,95,386,481,276,0.6825036456938298,0.8809115016405231,0.6040513536932571,0.9080000000011993,0.7079999999987036,0.276860147947266,0.1984078559466933,0.43478260869565216,0.6502732240437158,1.4956284153005464,0.0,0.3879781420765027,0.3879781420765027,delta_x_wB
5,0.2,0.8,0.8,0.99,0.458,116,389,505,284,0.7231207592808971,0.8947874727005304,0.6065181153598971,0.9079999999994658,0.707999999996444,0.2882693573406333,0.17166671341963324,0.3902439024390244,0.6771300448430493,1.7351457399103136,0.0,0.4170403587443946,0.4170403587443946,delta_x_wB
6,0.2,0.8,0.8,0.99,0.458,119,371,490,306,0.7130247476494449,0.8495515548756172,0.6504384946365621,0.9080000000008639,0.7079999999978343,0.19911306023905506,0.13652680722617228,0.5192307692307693,0.7225130890052356,1.3915066899360091,0.0,0.41361256544502617,0.41361256544502617,delta_x_wB
7,0.2,0.8,0.8,0.99,0.458,106,437,543,301,0.6982114693876758,0.8900423334385598,0.6181361556064073,0.9080000000003879,0.7079999999995402,0.27190617783215243,0.191830864050884,0.4,0.6509433962264151,1.6273584905660377,0.0,0.37264150943396224,0.37264150943396224,delta_x_wB
8,0.2,0.8,0.8,0.99,0.458,107,398,505,280,0.7174446016030174,0.8816292968593318,0.644014580011386,0.9080000000004922,0.7079999999981174,0.23761471684794577,0.1641846952563144,0.41975308641975306,0.6359223300970874,1.5149914334665908,0.0,0.35436893203883496,0.35436893203883496,delta_x_wB
9,0.2,0.8,0.8,0.99,0.458,120,381,501,285,0.700849334389073,0.8647928355632283,0.6103753689349143,0.9080000000005801,0.7080000000017889,0.254417466628314,0.16394350117415524,0.4146341463414634,0.6238095238095238,1.5044817927170868,0.04878048780487805,0.38095238095238093,0.3321718931475029,delta_x_wB
10,0.2,0.8,0.8,0.99,0.458,117,374,491,296,0.731108566739858,0.898227969348659,0.6557101049559206,0.9079999999990785,0.7079999999964645,0.24251786439273837,0.16711940260880098,0.5106382978723404,0.677570093457944,1.3269080996884737,0.0,0.3925233644859813,0.3925233644859813,delta_x_wB
11,0.2,0.8,0.8,0.99,0.458,115,401,516,283,0.7048835998692541,0.8604276673032993,0.6191507968781386,0.9080000000006214,0.7080000000005663,0.24127687042516077,0.15554406743404525,0.4,0.6504854368932039,1.6262135922330097,0.05,0.38349514563106796,0.33349514563106797,delta_x_wB
12,0.2,0.8,0.8,0.99,0.458,109,342,451,269,0.6824467503120513,0.8550632113244427,0.5886683694119945,0.9079999999984527,0.7079999999984417,0.2663948419124482,0.17261646101239148,0.37209302325581395,0.7340425531914894,1.9727393617021276,0.046511627906976744,0.43617021276595747,0.38965858485898075,delta_x_wB
13,0.2,0.8,0.8,0.99,0.458,96,363,459,259,0.6829283336747799,0.8849761497935354,0.600055521463429,0.9079999999991563,0.7080000000029214,0.28492062833010645,0.20204781611875555,0.4772727272727273,0.6432748538011696,1.3478139793929267,0.02631578947368421,0.39766081871345027,0.3713450292397661,delta_x_wB
14,0.2,0.8,0.8,0.99,0.458,97,399,496,281,0.7106652290970734,0.890153317472905,0.6322479407547328,0.9079999999989462,0.7079999999999056,0.25790537671817226,0.17948808837583163,0.2926829268292683,0.6731707317073171,2.3000000000000003,0.0,0.35121951219512193,0.35121951219512193,delta_x_wB
15,0.2,0.8,0.8,0.99,0.458,90,392,482,249,0.713833027347688,0.887250863987123,0.6332343695424381,0.9079999999988063,0.7080000000015896,0.254016494444685,0.173417836639435,0.3698630136986301,0.6598984771573604,1.7841699567587892,0.0,0.350253807106599,0.350253807106599,delta_x_wB
16,0.2,0.8,0.8,0.99,0.458,99,408,507,278,0.6760155747003097,0.8996509146209745,0.5736441693483703,0.9080000000015739,0.7079999999982534,0.3260067452726042,0.22363533992066476,0.4084507042253521,0.6666666666666666,1.6321839080459768,0.034482758620689655,0.3888888888888889,0.3544061302681992,delta_x_wB
17,0.2,0.8,0.8,0.99,0.458,123,363,486,296,0.7232842501365766,0.8755999184883809,0.6306972592586689,0.9079999999995283,0.7080000000035531,0.244902659229712,0.15231566835180432,0.5,0.7333333333333333,1.4666666666666666,0.022222222222222223,0.43333333333333335,0.41111111111111115,delta_x_wB
18,0.2,0.8,0.8,0.99,0.458,110,384,494,297,0.6707291408377629,0.8770129312028753,0.5953317807273908,0.908000000000611,0.7079999999993479,0.2816811504754845,0.20628379036511235,0.4772727272727273,0.7365591397849462,1.5432667690732207,0.022727272727272728,0.42473118279569894,0.40200391006842623,delta_x_wB
19,0.2,0.8,0.8,0.99,0.458,100,368,468,274,0.692705959465736,0.8405049208386821,0.647013627671423,0.9080000000008588,0.7079999999986359,0.1934912931672591,0.14779896137294612,0.35714285714285715,0.7052023121387283,1.9745664739884392,0.03571428571428571,0.3699421965317919,0.3342279108175062,delta_x_wB
